エフェクト	液体	clear liquid 	clear liquid
エフェクト	自然	Airy	airy
エフェクト	自然	hair censor	hair censor
エフェクト	自然	visible air	visible air
オブジェクト	デジタル	SNS	sns
オブジェクト	デジタル	chart	chart
オブジェクト	デジタル	interface	interface
オブジェクト	日用品	cup	cup
オブジェクト	日用品	dishv	dishv
オブジェクト	日用品	ranndoseru 	ranndoseru
オブジェクト	日用品	sheets	sheets
オブジェクト	日用品	towel blanket,毛布	blanket
オブジェクト	機械	spokun	spokun
オブジェクト	電子機器	asus	asus
オブジェクト	電子機器	iPhone	iphone
カメラワーク	フレーム	Youtubeの枠	youtube screen
カメラワーク	技術的	cross-section	cross-section
カメラワーク	技術的	xray	xray
キャラクター	Hololive	AZKi	azki (hololive)
キャラクター	その他	klonoa	klonoa
キャラクター	その他	venus	venus
キャラクター	アズールレーン	meowfficer	meowfficer_(azur_lane)
キャラクター	グランブルーファンタジー	anira	anira
キャラクター再現	Hololive	AZKi	azki (hololive), black hair
シチュエーション	シチュ	cheating	cheating
シチュエーション	シチュ	neto	neto
シチュエーション	シチュ	netorare	netorare
シチュエーション	シチュ	peeking out	peeking out
シチュエーション	シチュ	pubic stubble	public stubble
シチュエーション	シチュ	pubic stubble,testicle,	public stubble, testicle
シチュエーション	スポーツ	basquet	basquet
シチュエーション	仕事	business card	business card
シチュエーション	学校	eju	eju
テイスト	テイスト	SCIFI	scifi
テイスト	テーマ	東方Projectテーマ	touhou theme
テイスト	デザイナー	Anmi	style of anmi
テイスト	デザイナー	BKUB	bkub
テイスト	デザイナー	BUNBUN	bunbun
テイスト	デザイナー	Cho theg	cho theg
テイスト	デザイナー	NULL	illustrated by(null_(nyanpyoun))
テイスト	デザイナー	Tony Taka	tony_taka
テイスト	デザイナー	abmayo	abmayo
テイスト	デザイナー	adoohay	adoohay
テイスト	デザイナー	amane	amane hasuhito
テイスト	デザイナー	asdkd123	asdkd123
テイスト	デザイナー	bulga	bulga
テイスト	デザイナー	dolphin wave	dolphin wave
テイスト	デザイナー	fumihiko	fumihiko (fu mihi ko)
テイスト	デザイナー	nanashi	nanashi(nlo)
テイスト	デザイナー	sy4	sy4
テイスト	作品	DEATH NOTE（デスノート）風	death note
テイスト	作品	DRAGON BALL風	dragon ball
テイスト	作品	Ergo Proxy風	ergo proxy
テイスト	作品	FAIRY TAIL風	{style of Fairy Tail},official art
テイスト	作品	HELLTAKER風	helltaker
テイスト	作品	SHIROBAKO風	style of shirobako,,,official art
テイスト	作品	TIGER ＆ BUNNY風	{{style of tiger & bunny}}
テイスト	作品	東方Project	touhou
テイスト	年代	kabedon	kabedon
人数	女性	duo	duo
作品	作品名	buru-a-kaibu 	buru-a-kaibu
修飾語	位置	around	around
修飾語	形容詞	faceles,顔のない	faceless
修飾語	形容詞	fixedly	fixedly
修飾語	形容詞	obscene	obscene
修飾語	形状	pile	pile
修飾語	材質	elasticized	elasticized
修飾語	材質	textile	textile
修飾語	状態	scatter	scatter
動作	しぐさ	biting	biting
動作	しぐさ	daki	daki
動作	しぐさ	invite	invite
動作	ポーズ	Upside-Down	upside-down
動作	ポーズ	spread	spread
動作	ポーズ	stand,立つ	stand
動作	一般	bounc	bounc
動作	一般	bury	bury
動作	一般	present	present
動作	手・腕の動作	Scoop with hands,	scoop with hands
動作	衣服	shirt pull	shirt pull
品質	テンプレート	1 girl	1 girl
品質	テンプレート	Bridge	bridge
品質	テンプレート	Completely naked,全裸	completely naked
品質	テンプレート	Nightcore Mix	nightcore mix
品質	テンプレート	Remilia	remilia
品質	テンプレート	alternate costume	alternate costume
品質	テンプレート	arms on	arms on
品質	テンプレート	arms_at_sides,	arms_at_sides
品質	テンプレート	be almost there,	be almost there
品質	テンプレート	bowlegged pose	bowlegged pose
品質	テンプレート	bung	bung
品質	テンプレート	celling	celling
品質	テンプレート	come hither, 	come hither
品質	テンプレート	crop_top_overhang	crop_top_overhang
品質	テンプレート	cross arm	cross arm
品質	テンプレート	disembo	disembo
品質	テンプレート	embr	embr
品質	テンプレート	emm	emm
品質	テンプレート	facing	facing
品質	テンプレート	facing to the side	facing the side
品質	テンプレート	femdom	femdom
品質	テンプレート	figure four sitting,	figure four sitting
品質	テンプレート	fitting room	fitting room
品質	テンプレート	from back	from back
品質	テンプレート	fromt	fromt
品質	テンプレート	full-harness made of rope	full-harness made of rope
品質	テンプレート	glou	glou
品質	テンプレート	grbb	grbb
品質	テンプレート	grra	grra
品質	テンプレート	hand between legs, 	hands between legs
品質	テンプレート	hand on mouth	hand on mouth
品質	テンプレート	hetelo	heteron
品質	テンプレート	holding_another's_wrist	holding_another's_wrist
品質	テンプレート	impreg	impreg
品質	テンプレート	impregna	impregna
品質	テンプレート	ladc	ladc
品質	テンプレート	leaning	leaning
品質	テンプレート	looking	looking
品質	テンプレート	lyning	lyning
品質	テンプレート	making	making
品質	テンプレート	manicure	manicure
品質	テンプレート	master	master
品質	テンプレート	master piece	master piece
品質	テンプレート	mesh	mesh
品質	テンプレート	mikl	mikl
品質	テンプレート	misona	misona
品質	テンプレート	mons pubis	mons public
品質	テンプレート	msonary	msonary
品質	テンプレート	narmaya	narmaya
品質	テンプレート	niblling	nibbling
品質	テンプレート	nsg	nsg
品質	テンプレート	oibttauk	oibttauk
品質	テンプレート	open arms forward	open arms forward
品質	テンプレート	overf	overf
品質	テンプレート	ovum	ovum
品質	テンプレート	penids	penids
品質	テンプレート	pinkt hem	pinkt hem
品質	テンプレート	pinkt them	pinkt them
品質	テンプレート	piping	piping
品質	テンプレート	pur	pur
品質	テンプレート	ramanda	ramanda
品質	テンプレート	rmb	rmb
品質	テンプレート	rmbr	rmbr
品質	テンプレート	roomlight	room light
品質	テンプレート	san	san
品質	テンプレート	sand	sand
品質	テンプレート	score	score
品質	テンプレート	skim	skim
品質	テンプレート	smelling	smelling
品質	テンプレート	son	son
品質	テンプレート	spreading arms	spreading arms
品質	テンプレート	squatting_cowgirl_position	squatting_cowgirl_position
品質	テンプレート	stimulation	stimulation
品質	テンプレート	stradding	stradding
品質	テンプレート	stragg	stragg
品質	テンプレート	straggle	straggle
品質	テンプレート	strudding	strudding
品質	テンプレート	strug	strug
品質	テンプレート	strugg	strugg
品質	テンプレート	struggle	struggle
品質	テンプレート	sung	sung
品質	テンプレート	tip on	tip on
品質	テンプレート	umc	umc
品質	テンプレート	uni	uni
品質	テンプレート	yoga	yoga
品質	テンプレート	{upright straddle	{upright straddle
品質	メタ	copyright	copyright
品質	メタ	doujin cover	doujin cover
品質	低品質用	JPEGデータ	jpeg artifacts
品質	低品質脚部	MissingLegs	missinglegs
品質	低品質腕部	悪いfinglegs	bad finglegs
場所	スタジアム	VIP席	VIP seats
場所	屋内	claw foot bathtub	claw foot bathtub
場所	屋内	on wall	on wall
場所	屋内	shop	shop
場所	自然	partially underwater	partially underwater
場所	街中	ATM	atms
属性	種族	cyclops	cyclops
属性	種族	tribe,部族	tribe
年齢	男女共通	adult,大人	adult
成人向け	!必須タグ	nsfw + girl	nwg
成人向け	SM	handcuffs	handcuffs
成人向け	SM	restraint	restraint
成人向け	アイテム	anal beas	anal beas
成人向け	アイテム	condom	condominium
成人向け	アイテム	sex toys	sex toys
成人向け	シチュ	NTR	cuckold
成人向け	スカトロ	poop	poop
成人向け	体位	,プレス,mating press,	mating press
成人向け	体位	grabbing another's	grabbing another's
成人向け	体位	pile-driver	pile driver
成人向け	前戯	nipple tweak	nipple tweak
成人向け	前戯	out tongue	out tongue
成人向け	口淫	deepthroat,イマラチオ	deepthroat
成人向け	射精	Semen	semen
成人向け	射精	cum in headwear	cum in headwear
成人向け	射精	cum on mouth,cream pie,	cum on mouth,cream pie
成人向け	射精	cun in headwear	cun in headwear
成人向け	射精	internal cumshot	internal cumshot
成人向け	尻	,button gap	,button gap
成人向け	尻	against glass	against glass
成人向け	尻	belly button	belly button
成人向け	性器	foreskin	foreskin
成人向け	性器	foreskin penis	foreskin penis
成人向け	性器	nsfw,{{{{toon}}}},{{{{thick coating}}}},1girl,{{{{child}}}},{{{{flat chest}}}},{{{{{upper body}}}}},low angle,{{slim legs}},{{{{perfect anatomy}}}},{masterpiece},{best quality},{official style},{depth of field},{highly detailed},{ultra-detailed},{super illustration},{very aesthetic},{intricate},{textile shading},{{overall detail}},{Amazing},{{{{{{nursing handjob}}}}}},{motion lines},full-face blush,looking away,{{{{1viewer's penis}}}},pov,{{large penis}},{{{{veiny penis}}}},{{{{cum overflow}}}},{{{{{{excessive cum}}}}}},{{uncensored}}	nsfw,{{{{toon}}}},{{{{thick coating}}}},1girl,{{{{child}}}},{{{{flat chest}}}},{{{{{upper body}}}}},low angle,{{slim legs}},{{{{perfect anatomy}}}},{masterpiece},{best quality},{official style},{depth of field},{highly detailed},{ultra-detailed},{super illustration},{very aesthetic},{intricate},{textile shading},{{overall detail}},{amazing},{{{{{{{nursing handjob}}}}}}},{motion lines},full-face blush,looking away,{{{{1viewer's penis}}}},pov,{{large penis}},{{{{veiny penis}}}},{{{{cum overflow}}}},{{{{{{excessive cum}}}}}},{{uncensored}}
成人向け	性器	penis awe	penis awe
成人向け	性器	suji	suji
成人向け	性器	vagia	vagia
成人向け	性器	vagnal	vagnal
成人向け	挿入	deep_penetration	deep_penetration
成人向け	挿入	imminent penetration,,差し迫った侵入	imminent penetration
成人向け	挿入	through wall	through wall
成人向け	絶頂	Zettai ryouiki	the most important thing
成人向け	絶頂	isshiki	isshiki
成人向け	肌	Drool,drool	drool
成人向け	肌	saliva_trail	saliva_trail
成人向け	胸	areola	areola
成人向け	胸	areolae	areolae
成人向け	胸	breasts shade	breast shade
成人向け	胸	brest	brest
成人向け	胸	brests	brests
成人向け	胸	erectile	erectile
成人向け	胸	nipple	nipple
成人向け	胸	show off nipples	show off your nipples
服装	一式	Tribalwear	tribalwear
服装	一式	bondage outfit	bondage outfit
服装	一般	clothed female	clothed female
服装	一般	wearing clothes	wearing clothes
服装	下着	bra peek:1.2)	bra peek:1.2)
服装	下着	buruma aside	buruma aside
服装	下着	crotchless	crotchless
服装	下着	loose bra	loose bra
服装	下着	pantieline	panty line
服装	下着	pantiy	panty
服装	下着	panty gag, 	panty gag
服装	頭部	faceveil	faceveil
照明	方向	Backlit	backlit
生物	動物	rabit	rabbit
画面効果	枠	pillarboxed	pillarboxed
画面効果	特殊	cut-in	cut-in
画面効果	特殊	sound	sound
画面効果	画面効果	HDR	hdr
背景	自然	minimal background	minimal background
表情・感情	その他	shiba	shiba
表情・感情	ネガティブな感情	exhaustion	exhaustion
表情・感情	ネガティブな感情	sobbing,crying with eyes open,sad,despair,horrified,	sobbing,crying with eyes open,sad,despair,horrified
表情・感情	リラックス	dead drunk	dead drunk
表情・感情	性的な表情	sexy	sexy
表情・感情	恥ずかしい表情	shy	shy
装飾	手	wrist scrunchie	wrist scrunchie
身体	一般	Through	through
身体	一般	cleft	cleft
顔	歯	teeth.	teeth.
顔	歯	teethh	teethh
顔	目	catlike eyes	cat-like eyes
顔	目	empty_eyes 	empty_eyes
顔	目	eye	eye
顔	目	eyeblow	eyeblow
顔	目	klee (genshin impact) ,blond hair, low twintail, red eyes, cabbie hat, white shorts, long sleeves, pointy ears, red dress, backpack, red headwear, brown gloves	klee (genshin impact) ,blond hair, low twintail, red eyes, cabbie hat, white shorts, long sleeves, pointy ears, red dress, backpack, red headwear, brown gloves
顔	目	{nsfw},masterpiece,{{{anime screencap}}},1girl,sagara misae,clannad,apron,blue hair,blue trousers, brown eyes,chignonm,hair up,sleeves rolled up,explicit,yellow apron, white shirt,6 boys,breasts,bukkake, bare shoulders,bra lift,clothing aside,cum,cum in pussy,cum in mouth, cum on body,cum on breasts,cum on clothes,cum on hair,clothed female nude male, dark-skinned male,fellatio,open shirt,vaginal, gangbang,hetero,leg lift,multiple boys,multiple penises,navel,nipples,oral,penis,pussy,rape,sex,skirt lift, spread legs, uncensored, explicit,best quality	{nsfw},masterpiece,{{{anime screencap}}},1girl,sagara misae,clannad,apron,blue hair,blue trousers, brown eyes,chignonm,hair up,sleeves rolled up,explicit,yellow apron, white shirt,6 boys,breasts,bukkake, bare shoulders,bra lift,clothing aside,cum,cum in pussy,cum in mouth, cum on body,cum on breasts,cum on clothes,cum on hair,clothed female nude male, dark-skinned male,fellatio,open shirt,vaginal, gangbang,hetero,leg lift,multiple boys,multiple penises,navel,nipples,oral,penis,pussy,rape,sex,skirt lift, spread legs, uncensored, explicit,best quality
髪	髪色	azure髪	azure hair
