未分類	Google翻訳	Black_panties	black_panties
お気に	お気に	串刺し	{{official art}},matsukai mao,nijisanji, 2 boys and 1 girl, {{spit roast, group sex, rape}},{1 girl,open clothes,arms at sides,lean against,choking,sad,empty eyes,tearful,collar,nipples,shiny hair,breasts},{1 boy,naked,macho,faceless male,she is swallowing his penis,licking penis,irrumatio,oral,{{veiny penis,testicles}},legs,he is grabbing her head},{1 boy,naked,macho,faceless male,she is doing doggystyle sex,he is grabbing her butt},{{excessive cum}}, {sweat, steam},on bed, from outside, girl focus,{{trembling effect motion lines with sexual climax}}, beautiful face, {{perfect anatomy}}, 4k, insanely detailed and intricate, pretty, ornate, hyper realistic, super detailed, 
お気に入り	未分類	黒ニーソ	black_thighhighs
お気に入り	未分類	白ニーソ	white_thighhighs
お気に入り	未分類	スク水	school swimsuit
お気に入り	未分類	逆バニー1	fishnet bodysuit, reverse bunnysuit,heart pasties,rabbit ears,fake animal ears
お気に入り	未分類	逆バニー2	see-through leotard,playboy bunny,see-through,transpbunny,rabbit ears,fake animal ears
お気に入り	未分類	唾液	saliva
お気に入り	未分類	スケレオダード	see-through leotard
未分類	未分類	クリトリススリップ	clitoris slip
お気に入り	未分類	プッシーピーク	pussy peek
お気に入り	未分類	エロテカ肌	gleaming skin
お気に入り	未分類	エロテカ肌2	glistening skin
お気に入り	未分類	詳細な体	extremely detailed body
お気に入り	未分類	濡れた肌	wet skin
お気に入り	未分類	白シャツオープン	open white shirts
お気に入り	未分類	誘惑顔	seductive_smile
お気に入り	未分類	美術室	art room
お気に入り	未分類	クールビューティー	cool beauty
お気に入り	未分類	白肌	white skin
お気に入り	未分類	断面図	uterus at viewer penis inserted into pussy from cross section looking through,cum in uterus,
お気に	お気に	先頭テンプレ	official art, very aesthetic, best quality, intricate, overall detail,
お気に	お気に	末尾テンプレ	intricate, highly detailed,
翻訳中	翻訳中	翻訳中	mating_press
未分類	Google翻訳	ウサダ・ペコラ	usada pekora
キャラクター	Hololive	ウサダ・ペコラ	usada pekora
シチュエーション	シチュ	やり手水	ri-net style,1girl,pee,skirt lift,pussy line,nsfw,public urination,lifting person,1boy,spread legs,knees up,carrying,carrying person,public indecency,hetero,faceless boy,leaning back,holding thigh,
シチュエーション	シチュ	やり手水	1girl,pee,skirt lift,pussy line,nsfw,public urination,lifting person,1boy,spread legs,knees up,carrying,carrying person,public indecency,hetero,faceless boy,leaning back,holding thigh,
お気に	未分類		age difference
お気に	未分類	産卵	egg laying 
お気に	未分類	母乳噴射	projectile lactation
お気に	未分類	搾乳機	milking machine
未分類	Google翻訳	子宮内の精子兼	sperm cum in uterus
未分類	Google翻訳	二重平和	double peace
未分類	Google翻訳	両手の平和サイン	peace sign on both hands
お気に入り	未分類	クリ勃起	upright clitoral erection
キャラクター	グランブルーファンタジー	ドラフ（グラブル）	anila (granblue fantasy)
キャラクター	グランブルーファンタジー	ドラフ（グラブル）	yaia (granblue fantasy)
キャラクター	すーぱーそに子	ぽちゃ子	super pochaco
キャラクター	ブルーアーカイブ	勇美カエデ	kaede (blue archive)
キャラクター	小林さんちのメイドラゴン	イルル	ilulu (maidragon)
キャラクター	小林さんちのメイドラゴン	ルコア	lucoa (maidragon)
キャラクター	小林さんちのメイドラゴン	トール	tohru (maidragon)
キャラクター	ウマ娘	ホッコータルマエ	hokko_tarumae_(umamusume)
キャラクター	アイドルマスター	秋月律子（旧）	akizuki ritsuko,[[idolmaster]],twin braids
キャラクター	アイドルマスターシンデレラガールズ	片桐早苗	katagiri sanae,
キャラクター	ボイスロイド	東北きりたん	touhoku kiritan
キャラクター	ボイスロイド	東北イタコ	touhoku itako
キャラクター	Google翻訳	レミリア	remilia
お気に	作家		pole (ppp1409) 
お気に	作家		illustrated by(null_(nyanpyoun))
キャラクター	アークナイツ	ニェン	nian(arkknights)
キャラクター	アークナイツ	ニェン	nian(arkknights)
キャラクター	アークナイツ	クルース	kroos(arknights)
お気に	作家		illusted by(kunabishi)
未分類	Google翻訳	NSFW非常に審美的な最高品質	nsfw very aesthetic best quality
装飾	未分類	ガラガラ	rattle
お気に	未分類	女体化	genderswap (mtf)
お気に	未分類	搾乳機	milking machine
お気に	未分類	乳噴射	projectile lactation
お気に	未分類	親指しゃぶり	thumb sucking
お気に	未分類	乳輪ちら	areola slip
装飾	未分類	おしゃぶり	pacifier
装飾	未分類	涎掛け	bib
お気に	未分類	スリングショット	slingshot 
お気に	未分類	ガラスくっつき	against glass
お気に	未分類	サイズ差	size difference
お気に	未分類	あえぎ	gasping
お気に	未分類	嫌な顔	disgust
お気に	未分類	きれいなすじ	pussy line
未分類	Google翻訳	STOMACH_BULGE	stomach_bulge
お気に	未分類	半目	half-closed eyes
お気に	未分類	部族	tribal
お気に	未分類	開脚立ち膝	squatting, open legs
その他	未分類	産卵	egg_laying 
その他	未分類	ダブル手コキ	double handjob
お気に	未分類	よそ見	looking at away
お気に	未分類	ウルトラマン	ultraman
お気に	未分類	ティラノサウルス	tyrannosaurus
キャラクター	オリキャラ		nsfw, {{naga_(nikke)  black_panties blue_necktie blue_skirt brown_eyes brown_hair clothes_lift collared_shirt covered_nipples cropped_shirt dark-skinned_female dark_skin hair_bow hair_over_one_eye tall}} 1boy 1girl bare_shoulders blush breasts censored collarbone female_pubic_hair hair_ornament hetero missionary, lying male_pubic_hair mosaic_censoring navel nipples light smile, penis pubic_hair sex solo_focus pov  spread_legs thighs vaginal, {{{hand on hand}}}, expressionless, light_smile, cum_on_breasts
キャラクター	ブルーアーカイブ	ハナコ	Hanako_(blue_archive)
お気に	未分類	股間隠し	pussy juice,
お気に	未分類	胸隠し	arm covering breasts
お気に	未分類	胸の上に手を当てる	hand on own chest
お気に	未分類	胸の下に腕	arm under breasts
お気に	未分類	親指舐め	thumb sucking
お気に	未分類	胸を揉む	grabbing own breasts
お気に	未分類	赤ちゃんを抱く	holding baby
その他	未分類		age difference
お気に	未分類	幼稚園児	kindergarten
キャラクター	ブルーアーカイブ	ノノミ	nonomi_(blue_archive)
その他	未分類	わたあめ	cotton_candy
お気に	未分類	着物　浴衣　和服	kimomo yukata wafuku
未分類	Google翻訳	クサカ・スジ	kusaka souji
未分類	Google翻訳	細かく詳細	finely detail
未分類	Google翻訳	非常に詳細なCG	extremely detailed cg
未分類	Google翻訳	非常に詳細な壁紙	extremely detailed wallpaper
未分類	Google翻訳	to_love-ro	to_love-ru
未分類	Google翻訳	konjiki_no_yami	konjiki_no_yami
翻訳中	翻訳中	翻訳中	yabuki_kentarou
お気に入り	未分類	ロープ補強	crotch rope
お気に入り	未分類	絵柄	graphite, monochrome,Rafu Sketch,
テイスト	デザイナー	オノノ・イモコ	onono imoko
テイスト	デザイナー	BUNBUN	bunbun
テイスト	デザイナー	がおう	umaiyo_puyoman
お気に	未分類	単眼	cyclops
テイスト	デザイナー	ナナカグラ	nana kagura
お気に入り	未分類	金髪ギャル	{{{kizuki_aruchu}}},ai-generated,from below, 1girl,graphite, monochrome, Rafu Sketch,nsfw,medium breasts,blonde hair,blue eyes,long hair,blush, nose blush,seductive_smile,
未分類	Google翻訳	宣教師	missionary
装飾	未分類	ぐるぐる眼鏡	coke-bottle glasses
お気に	未分類	頭の上のパンツ	panties on head
お気に	未分類	仮面舞踏会	masquerade mask
装飾	未分類	ガスマスク　要強	oxygen mask
装飾	未分類	能面	noh mask
お気に	未分類	狐の面	fox mask
装飾	未分類	ガスマスク	gas mask
お気に	未分類	マウス　ヴェール	mouth veil
装飾	未分類	イスラム　女性服	niqab
お気に	未分類	アラビア服	arabian clothes
	未分類	アラビア服２	harem outfit
お気に	未分類		ninja mask
お気に	未分類	股間の空いたレオタード	crotchless leotard
装飾	未分類	横に紐が付いているレオタード	side-tie leotard
お気に	未分類	ハイレグ	highleg leotard
お気に	未分類	タートルネックレオタード	turtleneck leotard
お気に	未分類	破れたレオタード	torn leotard
お気に	未分類	上がないレオタード	strapless leotard
お気に	未分類	くノ一セット	fishnet bodysuit,ninja,kunoichi
お気に	未分類	レスラーマスク	luchador mask
	未分類	繋ぎ目のある肌	patchwork skin
装飾	未分類	繋ぎ目の顔	stitched face
お気に	未分類	裸の包帯	naked bandage
	Google翻訳	Shirakami Fubuki	shirakami fubuki
翻訳中	翻訳中	翻訳中	white leotard
翻訳中	翻訳中	翻訳中	black coat
翻訳中	翻訳中	翻訳中	black skirt
翻訳中	翻訳中	翻訳中	high-waist skirt
翻訳中	翻訳中	翻訳中	black thighhighs
翻訳中	翻訳中	翻訳中	burnt clothes
翻訳中	翻訳中	翻訳中	bb (fate)
	Google翻訳	ナルメア	narmaya
身体	胸	垂れ乳	sagging breasts,huge breasts
身体	尻	大きなお尻	huge hip
身体	頭部	顔が隠れる	hide face
成人向け	テンプレ	搾乳機	upperbody,{{{two transparent milking_machine are attached to the nipple}}}, {{{dairy plant milking machine connect to nipple, suctioned breast milk}}} ,breast_milk flow into transparent funnel tube,arms behind back, mechanical restraints, stationary restraints, french_braid,[[[[nsfw]]]],
キャラクター	軌跡	エリィ	Elie MacDowell
身体	胸	ロリ巨乳	disproportionate breasts
キャラクター	グランブルーファンタジー	サラーサ	Threo
キャラクター	グランブルーファンタジー	ナルメア	narmaya,granble fantasy
身体	胸	ぷっくり乳首	puffy nipple
成人向け	エッチな構図		bloodwater,
シチュエーション	イベント		ss
その他	その他	ss	ss
リセット	マルチ	前戯セット1	vibrator in thighhighs,thighvibe,nsfw,{{spread legs}},{{spread pussy}},{{{{open your own pussy}}}},{{spread pussy with fingers}},kupaa,pussy,looking at viewer,presenting,on bed,pussy juice,1girl,nude,{{{loli}}},{child},uc sex,mutated hands and fingers,open clothe,
Prefix	fatman		nsfw,1boy,fat faceless male man,
プレイ	おもちゃ	電マ	trembling hitachi magic wand be
クオリティクオリティ	おまじない１	relistic付き	,realistic,{{{{{best quality}}}}},amazing quality,very aesthetic,absurdre,
翻訳中	翻訳中	翻訳中	nipple_stimulation
翻訳中	翻訳中	翻訳中	groping
翻訳中	翻訳中	翻訳中	fat faceless male man
翻訳中	翻訳中	翻訳中	rance (series)
翻訳中	翻訳中	翻訳中	reset kalar
翻訳中	翻訳中	翻訳中	red forehead jewel
翻訳中	翻訳中	翻訳中	long straight hair
顔	目の形	目の虹彩	the iris of the eyes
キャラ	ランスシリーズ	リセット_パステル	nsfw,1boy,{{fat faceless male}},1girl,{{{reset kalar}}},rance (series),{{red forehead jewel}},{{long straight hair}},{{pointy ears}},{{blue hair}},{{blue big eyes}},{{{ toddler}}},{{{loli}}},{{{flat breasts}}},{8k},{laster},{{{{delicate}}}},kedama_milk,mignon,orion_(orionproject),usashiro_mani,sincos,cleft of venus,curvy pussy,
お気に	未分類	毛むくじゃら	fluffy
カメラワーク	その他	目の精度を向上	eye focus
髪	髪色	金髪(真)	blond hair
顔	輪郭	丸顔	round face
品質	高品質用	素材感を強調	textile shading
翻訳中	翻訳中	翻訳中	left side ponytail
顔	眉	細眉	thin eyebrows
身体	体型	不釣り合いな胸	disproportionate breasts
身体	胸	不釣り合いな胸	disproportionate breasts
身体	胸	動きのある胸	bouncing breasts
身体	胸	ロケットおっぱい(大)	perky big breasts
身体	胸	ロケットおっぱい(特大)	perky large breasts
身体	肌	褐色肌	tan skin
身体	胸	ロケットおっぱい(中)	perky medium breasts
身体	体形	ロリ巨乳	loli face and big boobs
身体	体形	非常に低身長	very short stature
身体	体形	身長120cm	stature:120cm
身体	体形	体重18kg	weight:18kg
成人向け	プレイ	睡眠セックス	sleep molestation
成人向け	オプション	腹ボコ	stomach_bulge
成人向け	オプション	腰掴み	boy grab her waist
身体	肌	褐色の女の子	tan skin girl
身体	肌	褐色の女の子2	dark skin girl
カメラワーク	視点	主観(両手あり)	pov both hands
人数	男女混合	男女1名ずつ	1 boy and 1 girl
シチュエーション	シチュ	男が女の前に立つ	boy standing in front of her
動作	腕の動作	腕を下ろす	lower arms
動作	腕の動作	手を下ろす	lower hands
表情	視線	寄り目	cross-eyed
背景	背景	公衆トイレ	public toilet
成人向け	オプション	先走り汁	excessive precum
画面効果	画面効果	女の子が震える効果線	girl trembling motion line
身体	肌	褐色肌	[[[dark skin]]]
身体	肌	褐色肌	brown skin
服装	一式	スモック	child smock
人数	女性	1ロリ	1loli
お気に	未分類	陥没乳首	inverted nipples
成人向け	オプション	nsfwな～（形容詞化）	nsfwal
品質	高品質	完璧な解剖学	perfect anatomy
品質	高品質用	完璧な解剖学	official style
品質	高品質用	完璧な解剖学	perfect anatomy
品質	高品質用	究極に細かい	ultra-detailed
品質	高品質用	複雑	intricate
品質	高品質用	全体的に詳細に	overall detail
身体	肌	褐色(明)女子	girl is light dark skin
顔	目の形	まつ毛	eyelashes
服装	下着	ふんどし(褌)	white japanese loincloth
髪	髪型	黒髪ロングストレート	black long straight hair
成人向け	性器	大きく脈打つペニス	big veiny penis
成人向け	体位	プレス	mating press
服装	オプション	乳首が見えている	show off nipples
服装	オプション	～が見えている	show off
服装	トップス	法被(はっぴ)	happi coat
成人向け	ポーズ	股を掴む	crotch grab
服装	オプション	へそ出し	navel exposed
装飾	メイク	バーコードタトゥー	barcode tatoo
翻訳中	翻訳中	翻訳中	black nails
顔	口	栗みたいな口	chestnut mouth
顔	口	口先を尖らせる(キス口)	o3o
成人向け	射精	大量中出し射精	massive creampie
成人向け	挿入	性的完全挿入	screaming
成人向け	挿入	性的完全挿入	sexual full penetration
	未分類	お尻を手でつかむ	hand grabbing ass
	未分類	膣がペニスを包む	pussy fully covering black penis
	未分類	黒い睾丸、ペニス	big testicles bouncing, big black penis,
	未分類	巨大なお尻	huge asscheeks
	未分類	録画フレーム	recording frame
	未分類	ライン	speedlines
成人向け	ポーズ	対面位キスハメ	1girl, 1boy,NSFW,{{{{SEX}}}},short hair, tareme ,fox_girl ,large breasts,thick thighs , white hair, blue eye ,school_uniform ,cum_in_pussy ,Kiss,profile ,cleavage,black bra,fat man ,faceless male
場所	屋内	体育倉庫	gym storeroom
場所	屋内	マットの上	on mat
	Google翻訳	後ろ腕を縛られる	bound back arms
顔	目の形	目を閉じる	close eyes
顔	目の形	完全に目を閉じる	close eyes completely
服装	ボトムス	ヒップボーン・スカート	hipbone skirt
成人向け	！必須	黒人セット	(1boy,big testicles,big black penis,black man:1.1),
	未分類	黒人セット	1boy,huge testicles,huge black penis,black man,veiny penis
成人向け	テンプレ	電車痴漢２	nsfw,{{{{{on the train}}}}},{highres},looking at viewer,teasingsmile,sweatdrop,best quality,highly detaile,lying on person,ass,stretch legs,bare legs,from above,{{{{{shiny skin}}}}},from side ~ nude,nipples,pussy,arched back,clothed sex,{{{{{1boy}}}}},{{{sex from behind}}},{{{standing doggy style}}},{{{standing sex}}},{{torso grab}},{{paizuri}},public indecency,love juice,undressing,{{{{{{{{{{bukkake}}}}}}}}}},{{{{{{{{{{excessive cum}}}}}}}}}},{{{{{{{{{{cum on breasts}}}}}}}}}},{{{{{{{{{{pojecile cum}}}}}}}}}},{{{{{{{{{{cum in pussy}}}}}}}}}},naked,manyboysis,
服装	一式	ウェディングドレス一式	wedding dress, bride, bridal veil, white dress, tiara, pearl necklace, elbow gloves, white gloves, garter straps,
	Google翻訳	頬にペニスを強引にこすりつける	forcefully rub penis on cheek
その他	その他	体格差	physical difference
成人向け	性器	1	cleft of venus
成人向け	アイテム	オナホール	artificial vagina
人数	女性	tanin	(6 girls:1.6),{{{absolutely everyone}}}
絵師	AI		ai-generated
絵師	未分類	AI	ai-generated
身体	体型	幼児体型	toddler body
コスチューム	現代	バニーガールの服	side-tie leotard
コスチューム	現代	バニーガールの服(紐無し)	highleg leotard
成人向け	性的な道具	白スク透け	see-through school white swimsuit
顔	目の形	小さな瞳	little pupil
顔	目の形	小さな瞳2	small pupil
コスチューム	水着	青いワンピース水着	blue one-piece swimsuit
コスチューム	水着	ハイレグ水着	highleg swimsuit
お気に	お気に	YD（作家）	yd_(orange_maru)
お気に	お気に	ずらし（陰毛あり）	panties aside,pubic hair,
動作	腕の動作	右手を股間に	right hand in the crotch
お気に	お気に	ポップキュン（作家）	popqn
お気に	お気に	競泳水着で放尿（見上げる視点）	nfsw,large breasts ,female,1gir,pussy focus,from below,feet out of frame,very close to viewers,girls' front,hands behind one's back,standing, bowlegged,trembling motionline for orgasm,wet pussy,vaginal,wet vagina,{{hand in pussy,panties aside,pubic hair,peeing}},{{{background,big stone wall,deep shadows}}}, {{{stone pavement}}},day light,closed_mouth,looking away,strong light coming in,high resolution, best quality, blush,full-face blush,wet,ompetition swimsuit ,highleg swimsuit ,blue one-piece swimsuit ,long foot,
場所	屋内	シャワールーム	shower room
服装	オプション	ガーリースタイル	girly style
顔	目の形	小さな瞳	small pupil
身体	肌	褐色(明るめ)	light dark skin
お気に	未分類	胸出し	breasts out
お気に	未分類	肌の食い込み	deep skin
顔	目の形	繊細な虹彩の描写の瞳	intricate iris details
顔	目の形	瞳の反射	captivating eye reflections
顔	目の形	瞳にキラキラ	sparkling highlights in the eyes
顔	目の形	瞳孔に奥行きと立体感	depth and dimension in the pupils
顔	目の形	瞳の虹彩に微妙な色の変化	subtle color variations in the iris
顔	目の形	繊細なまつ毛の描写	meticulous eyelash details
顔	目の形	瞳の血管	realistic eye veins
服装	トップス	乳首周辺まで開いたブラ	bra {{open}} {{around nipples}}
服装	ボトムス	アナル周辺まで開いたズボン	pants {{open}} {{around anus}}
お気に	お気に	透け乳首	nipples visible through clothes
コスチューム	未分類		character costume
お気に	未分類	尖った胸	pointy breasts
お気に	未分類	猫のひげマーク	whisker markings
お気に	未分類	髪を通して見える眼	eyes visible through hair
動作	脚の動作	両足を広げて	legs apart
お気に	お気に	寝た状態の対面座位	hetero, kiss,face to face,hug,{{{{{girl lying face up on yoga mat}}}}},leg lock,
品質	低品質成人向け	複数のペニス	multiple_penises
品質	低品質成人向け	身体のないペニス	disembodied_penis
成人向け	エッチな構図	だいしゅきホールド	leg lock,
動作	ポーズ	横になる、寝転ぶ	lie down
品質	低品質用	コマ割り	panel layout
コスチューム	水着	青い差し色の入った白競泳水着	 {{white competition swimsuit}} {{{with blue accent color}}} ,
お気に	お気に	男が尻をつかむ	boy grab ass
お気に	未分類	盛りマン	fat mons
pony	未分類	プロンプト	score_9, score_8_up, score_7_up, BREAK source_anime, rating_explicit, best quality, masterpiece, uncensored, 1girl,
pony	未分類	ネガ軽量	low quality , bad anatomy, bad proportions, extra legs, deformed anatomy, messy color, deformed fingers, bad, distracted, hyperrealistic,source_furry, source_pony, source_cartoon
pony	未分類	ネガ重い	censored, mosaic censoring, bar censor ,border, worst quality, low quality, simple background, white background, realistic, sketch ,muscle , normal quality, jpeg artifacts, depth of field, blurry, messy drawing, amateur drawing, lowres, bad anatomy, bad hands, text, error, missing fingers, fewer digits, extra digits,cropped , greyscale, monochrome, source_furry, source_pony, source_cartoon, comic ,source filmmaker,video ,3d
成人向け	性器	撮影者のペニス	1viewer's penis
成人向け	オプション	全身に精液	sperm all over the body
成人向け	オプション	全身に精液	semen all over the body
成人向け	オプション	 濁った精液	cloudy sperm
成人向け	オプション	全身に精液	cum on all over the body
成人向け	オプション	全身に精液	cum on whole body
成人向け	オプション	全身に精液	sperm on whole body
成人向け	オプション	全身に精液	semen on whole body
キャラクター	アルカナハート	リリカ・フェルフネロフ	{{lilica felchenerow(arcana heart), arcana heart, yellow twin tales, blue eyes, young}, black choker}
服装	トップス	カッターシャツ	white shirt, shirt formal
成人向け	挿入	種付けプレス	mating_press
お気に	未分類	腹つまみ	belly grab
お気に	未分類	ぜい肉服乗り	muffin top
成人向け	挿入	根元まで	deep penetration
翻訳中	翻訳中	翻訳中	doggystyle
	未分類	溢れる精液大量射精	creampie,excessive cum,
	未分類	精液セット	(orgasm,cum overflow, cum in pussy, cum on body, cum on breasts, cumdrip, cum string,cum on face, pussy juice,creampie,excessive cum,cum puddle:1.5), 
	未分類	目がきれいになる	big eyes
	未分類	ヤリ部屋	messy room,too many dildos,condoms,vibrators,sex toys
	未分類	精液セット	(orgasm,cum overflow, cum in pussy, cum on body, cum on breasts, cumdrip, cum string,cum on face, pussy juice,creampie,excessive cum,cum puddle,heart:1.5)
	未分類	のけぞり	Expressiveh, head back, leaning back, arm support
成人向け	プレイ	尻コキ	buttjob
お気に	未分類	キョンシーの帽子	qingdai guanmao
お気に入り	未分類	食い込む	wedgie
	未分類	精液セット	(orgasm,pojecile cum,cum pool,cum in pussy, cum on body, cum on breasts, cumdrip, cum string,cum on face, pussy juice,creampie,excessive cum,cum puddle,heart:1.5),
	未分類	精液セット	(orgasm,cum in pussy, cum on body, cum on breasts, cumdrip, cum string,cum on face, pussy juice,cum pool,creampie,excessive cum,cum puddle,heart:1.5),
	未分類	胸セット	(nipples,lactation,cleavage,erectile nipples:1.3),
オプション	オプション	破れた黒いレギンス	black leggings, torn_legwear
	未分類	マイクロビキニセット	micro bikini,  micro shorts, denim shorts, short shorts, cutoffs,
身体	肌	赤褐色肌	reddish brown skin
その他	未分類	腕を前に	outstretched arm
キャラクター	東方	ゆうま	Yuma
キャラクター	東方	touhou	touhou
キャラクター	東方	摩多羅隠岐奈	matara okina, hat,long hair,blonde hair, yellow eyes, long sleeves,wide sleeves,detached sleeves, white shirt, tabard, green skirt,constellation print, 
品質	高品質	ponyテンプレ	score_9, score_8_up, score_7_up,
キャラクター	東方	宮出口瑞霊	miyadeguchi mizuchi,blue hair,long hair,hair between eyes,blue eyes,sanpaku, striped shirt,striped clothes,white skirt,striped skirt, skull hair ornament, long sleeves, striped skirt, ponytail, sidelocks, hair tube
成人向け	属性	ぽっちゃり	potbelly 
成人向け	属性	デカい乳輪	large_areolae
成人向け	属性	陥没乳首	inverted_nipples
成人向け	属性	黒ずんだ乳首	dark_nipples
成人向け	シチュ	男女一人	1girl,1boy 
成人向け	シチュ	背後からの乳揉み	grabbing,grabbing another's breast,grabbing from behind
成人向け	属性	母乳	lactation 
背景	背景	バスルーム	shower (place)
成人向け	シチュ	ガラス越しの乳	breasts on glass 
背景	背景	ホテル	hotel room
背景	背景	放課後の教室	classroom window shadow
成人向け	ポーズ	長舌出し	long tongue,tongue out
キャラクター	東方	宮出口瑞霊服なし	miyadeguchi mizuchi,blue hair,long hair,hair between eyes,blue eyes,sanpaku,ponytail, sidelocks, hair tube,{{constricted pupils}},simple eyes
成人向け	属性	超乳	gigantic breasts,gleaming skin
服装	一式	スク水	school swimsuit
	未分類	精液セット改	orgasm,cum in pussy,cum on body,cum on breasts,cumdrip,cum string,cum on face,pussy juice,cum pool,creampie,excessive cum,projectile cum,heart,
表情	性的な表情		troubled eyebrows,embarrassed
キャラクター	東方	豫母都日狭美	yomotsu hisami, purple dress,hair flower
キャラクター	東方	日白残無	nippaku zanmu,horns,yellow horns,green shirt, ribbon trim, wide sleeves,off shoulder, blue shorts, bare shoulders,
成人向け	シチュ	服越しの母乳	lactation through clothes 
キャラクター	東方	天火人ちやり	tenkajin chiyari,single horn,purple horn, long hair,purple hair, pointy ears, red eyes,green shirt,short sleeves, green shorts,plaid shorts,dragon tail,purple tail,
キャラクター	東方	驪駒早鬼	 kurokoma saki,cowboy hat, horse tail, brown headwear, black wings, cowboy boots, cowboy western, feathered wings,bandana, brown skirt, blue shirt, plaid, short sleeves, scarf, bare shoulders, off-shoulder shirt,
キャラクター	東方	埴安神袿姫	haniyasushin keiki,head scarf, blue hair,long hair,red eyes,jewelry,magatama necklace,long puffy sleeves,  arm ribbon,single strap, yellow dress,green apron, pocket,
キャラクター	東方	山城たかね	yamashiro takane, green hair, hat, green eyes,,flat cap, medium hair,camouflage headwear, green dress, green skirt, 
髪	横髪	横三つ編み	crown braid hair
キャラクター	東方	豫母都日狭美服なし	touhou,yomotsu hisami,
成人向け	属性	垂れる母乳	breast milk
オブジェクト	オブジェクト	ボトル※母乳除外にも	bottle
表情	性的な表情	栗口アへ◎	chestnut mouth
品質	高品質	AI加筆	ai-assisted
動作	しぐさ	頭傾け(30度)	head tilt 30 degrees
成人向け	オプション	歯磨きフェラ	cheek bulge
成人向け	オプション	頬をつつく	cheek poking
お気に入り	未分類	rokishi	beautiful detailed eyes,clear eyes,blonde hair,blue eyes,The depths of my eyes are black,The depths of your eyes are clear,beautiful detailed eyes,clear eyes,
服装	オプション	完全に服を着た状態	fully clothed
キャラクター	東方	ちやり服なし	tenkajin chiyari,single horn,purple horn,long hair,purple hair,pointy ears,red eyes,dragon tail,purple tail,
成人向け	オプション	大量の精液	cum overflow
身体	体型	幼児化	aged down
服装	一式	ドスケベ日焼けボディ	thick thighs,(tanlines),sweat,sweatdrop,dark skin,shiny skin,(exposed clothes),
成人向け	！必須	くぱぁ相性✕	breastmilk
表情	性的な表情	めかくれ	{{{faceless female}}}
テイスト	画材	エアブラシ	airbrush
その他	その他	へんりいだ模倣	artist_henreader
髪	髪色	ダークグレー	dark gray hair
キャラクター	東方	やちえ	touhou,kicchou yachie
画面効果	画面効果	横から	,looking to the side,facing to the side,{{{from side}}}
成人向け	シチュ	日焼けエッチ◎	,{{{{dark-skinned female}}}},{{{bikini tan}}}
成人向け	属性	垂れ乳	hanging breasts 
成人向け	オプション	腹ボコ2	stomach bulge by penis
表情	性的な表情	イキ目	cross-eyed,upturned eyes,{{{constricted pupils}}},rolling eyes,
髪	髪質	滑らかな(サラサラ)髪	smooth hair
成人向け	エッチな構図	中出し断面	pussy cum,cum in pussy,cross-section,internal cumshot
お気に	お気に	激しいモーション	{{{{motion lines}}}}, {{motion blur}}, {{{{sound effects}}}},
翻訳中	翻訳中	翻訳中	tamanoi peromekuri
翻訳中	翻訳中	翻訳中	amazing quality
翻訳中	翻訳中	翻訳中	great quality
翻訳中	翻訳中	翻訳中	very aesthetic
翻訳中	翻訳中	翻訳中	ultra-detailed
翻訳中	翻訳中	翻訳中	super detailed skin
成人向け	プレイ	束縛	basfd
お気に	お気に	射精フィニッシュ	excessive cum,female ejaculation,{{{{trembling motionline for orgasm}}}},
服装	下着	水玉模様の子供パンツ	polka dots cotton panties
表情	性的な表情	半目	half-closed eyes
表情	性的な表情	よだれ	{{drooling}},saliva,drivel,saliva trail
服装	一式	エロ黒下着	highleg panties,black bra,
成人向け	ポーズ	おまんこくぱぁ	open vagina,spread pussy,pussy juice,hands on own crotch,legs apart
成人向け	シチュ	ぬぎぬぎ	undressing,
服装	一式	エロドレス	backless dress,halter dress,plunging neckline,short dress,miniskirt, skirt lift,lifted by self,
服装	一式	エロダンサー	saliva,drivel,saliva trail,harem outfit,harem pants,see-through veil,mouth_veil,hip vent,see-through pants,see-through sleeves,see-through skirt,micro bikini,
成人向け	プレイ	人便	human toilet
キャラクター	東方	大人ラルバ	touhou,eternity larva,butterfly wings,forest,{{{{long hair}}}},huge breasts,gleaming skin,thick thighs,half-closed eyes,house wife,undressing,30 years old
表情	性的な表情	事後	afterglow
成人向け	ポーズ	のけぞり	{{{{head back}}}}
成人向け	属性	爆乳陥没乳首	,large_areolae,{{{inverted_nipples}}}
お気に	未分類	離れ乳	breasts apart
	Google翻訳	e	e
	Google翻訳	f	f
	Google翻訳	驚くべき品質	amazing quality
	Google翻訳	ichigo_mashimaro	ichigo_mashimaro
	Google翻訳	matsuoka_miu	matsuoka_miu
オブジェクト	男	ネガ後頭部	,male neck,pectorals
表情	性的な表情	エロイキ目	rolling eyes,upturned eyes
絵師	未分類	arucyu	{{{kizuki_aruchu}}},ai-generated, 1girl,graphite, monochrome, Rafu Sketch,,extremely detailed body,glistening skin,
表情	性的な表情	えろえろ目	{{{{cross-eyed}}}},{{{{upturned eyes}}}},{{{{{constricted pupils}}}}},{{{{sanpaku}}}},rolling eyes
表情	性的な表情	オホ口◎	{{{{{dot mouth}}}}},parted lips
お気に	未分類	眉上がり	raised eyebrows
服装	一式	エヴァの制服	tokyo-3 middle school uniform
お気に	お気に	おしっこテンプレ	{{{trembling motion lines,sound effects,leaking pee,pee puddle}}},
身体	部位	睾丸、金玉	testicles,
その他	未分類	ポリ袋	plastic_bag
表情	性的な表情	V眉	{{{v-shaped eyebrows}}},
お気に	未分類	股に手をはさみ	hand between legs
お気に	未分類	フリルグローブ	frilled gloves
お気に	未分類	目のくま	bags under eyes
お気に	未分類	でか尻　もも	wide hips,thick thighs
お気に入り	未分類	汁あと	pussy juice trail
ネガ	未分類	背景のチビ	chibi inset
服装	下着	Tバック	g-string
成人向け	エッチな構図	三つ葉	trefoil
お気に	お気に	挿入前	imminent penetration,
テイスト	作品	dolphin wave	gin (ginshari) 
テイスト	デザイナー	とらいし	toraishi 666
お気に	お気に	青い競泳水着	blue one-piece swimsuit,competition swimsuit,
お気に	お気に	青い競泳水着	blue one-piece swimsuit,highleg competition swimsuit,
シチュエーション	シチュ	追加視点パンチラ	mtu_virus
お気に入り	未分類	あと	pussy juice trail,
お気に入り	未分類	はずかしい	embarrassed,full-face blush
成人向け	性器の状態	マン汁の染み	pussy juice stain
お気に	お気に	セックス時の男追加（主観）	1boy,male,penis,pov,sex
キャラクター	バイオハザード		Ada Wong(RESIDENT EVIL)
実験	未分類	Y軸	:1>,:0.8>,:0.6>,:0.4>
身体	胸		erectile nipples
服装	下着	パンスト越しのパンツ	panties under pantyhose
テイスト	デザイナー	ななし	null (nyanpyoun) 
お気に入り	未分類	クリセット	clitoris,clitoral hood,
キャラクター	ウマ娘	キングヘイロー	king halo (umamusume)
	未分類		脇
場所	屋内	トイレ（個室）	toilet stall
カメラワーク	フォーカス	顔のアップ	face focus
キャラクター	東方	汎用残無エロ	{{{nippaku zanmu (touhou)}}},black hair,long hair,yellow horns,green shirt, blue shorts
成人向け	プレイ	獣姦	bestiality
キャラクター	ディノクライシス	レジーナ	Regina(DINO CRISIS)
顔	目の形	目を細める	squinting eyes
成人向け	シチュ	触手による絞殺	strangling by tentacles
キャラクター	ドラゴンズドグマ	アマゾン	amazon(Dragon's Crown)
キャラクター	ゆうなま	ムスメ	 musume (yuunama),yuusha no kuse ni namaiki da, purple hair, demon girl, purple skin, black sclera,
お気に	未分類	パンツ食い込み	wedgie
成人向け	テンプレ	後ろ手正常位	nsfw,1girl,1boy,insert vagina,missionary position,embarrassed,sad,arms behind head
お気に	お気に	エロ基本	nsfw,1girl,1boy,trembling motionline for orgasm,sad,embarrassed,
絵柄	イラストレーター	たかみち	takamichi
キャラクター	俺妹	きりの	ore no imouto ga konna ni kawaii wake ga nai,1girl, kousaka_kirino,orange hair|brown hair,long hair,floating hair,shiny hair,blue eyes|aqua eyes,(pink hairclip),badmood,white shirt,(gray sailor collar|blue sailor collar),red ascot,
身体	裸	ぷにまんこ	pussy line
服装	靴下	太もも食込	skindantation
成人向け	属性	服越しの母乳	{{{lactation through clothes}}}
服装	下着	おっぱい隠す	{{{covered breasts}}},
その他	絵柄	暇人いず	{{{{{himajin noizu}}}}},{{{colorful}}}
その他	絵柄	ウミガラス	{{{umigarasu_(kitsune1963) }}}
その他	綺麗系絵柄	まろた	{{{marota}}}
表情	性的な表情	オホ顔	{{{fucked silly}}}
その他	熟エロ系絵柄	星レーズン	starraisins
その他	絵柄	あや先生ごめんなさい	azuma aya
その他	絵柄	クロカン	kurokan (kokkyou oudan) 
その他	熟エロ系絵柄	破壊神	{{{{{hakai shin}}}}}
その他	絵柄	雨存	amazon (taitaitaira)
その他	絵柄◎	メタまん	metal_man10
お気に	お気に	ixyset	ixy,nsfw,1girl,1boy,sex,rape,cfnm,trembling motionline ,troubled eyebrows,
キャラクター	スーパーヒロイン	パワーガール	power girl
成人向け	体位	バック股下視点	 vaginal penis, {{stepped on}}, {{from below}}
成人向け	体位	だいしゅきホールド	kiss,face to face,hug,{{{{{girl lying face up on bed}}}}},leg lock,on bed, motion lines,
服装	性的	下着食い込み	{{{skindentation}}}
お気に	お気に	断面図	cross-section of uterus,fertilization,pussy cum,
お気に	お気に	手マン	"	nsfw,1boy,1girl,fingering pussy"
お気に	お気に	手マン	nsfw,1boy,1girl,fingering pussy,
お気に	お気に	乳もみ	1girl,1man,nswf,grabbing from behind,lactation through clothes,trembling motionline ,troubled eyebrows,
お気に	お気に	密着	nsfw,1girl,1boy,sex,rape,cfnm,trembling motionline,troubled eyebrows,fatman,hug,hetero, mating press,missionary position, penis, pussy,vaginal,motion lines,
キャラクター	naruto	サクラ	naruto (series), {haruno sakura},pink hair, long hair,straight hair, green eyes,small breasts,red shirt,sleeveless,bike_shorts,
お気に	お気に	神絵師	[[ame (uten cacel), yd (orange maru), muchi maro, shirabi, mery (yangmalgage)]], {{year 2023}},
お気に	お気に	ビクビク	closed eyes,{{orgasm}},trembling motionline for orgasm,
お気に	お気に	断面イキ	close eyes,troubled eyebrows,orgasm,close mouth,clench teeth,cross-section of uterus,fertilization,pussy cum,
キャラクター	ソウルキャリパー	タキ	taki(SOULCALIBUR)
お気に	お気に	くいしばる	close eyes, troubled eyebrows, orgasm, close mouth, clench teeth
成人向け	絶頂	愛液だまり	{{{pussy juice puddle}}}}
状態	状態	腋の下の汗染み	Sweat stains under the armpits
キャラクター	東方	ちやり	{{{{tenkajin chiyari (touhou)}}}},tail,purple hair,{{{long hair}}},single horns,
キャラクター	艦隊これくしょん	妙高改二	myoukou kai2 (kancolle)
キャラクター	オーバーウォッチ	ウィドウメーカー	Widowmaker (Overwatch)
身体	胸	離れおっぱい	{{{{breasts apart}}}},
お気に	未分類	伸びた精液	cum string 
お気に	未分類	愛液の線	pussy juice trail 
お気に	品質	ネガティブ	bad anatomy,disfigured,poorly drawn,deformed,mutation,bad arms,bad hands,extra digits,fewer digits,@_@,ugly,long body,text,username,signature,chibi
お気に	未分類	膝つき	Kneeling pose
成人向け	プレイ	首絞めックス	{{situation(strangling, {{{{grab neck}}}}), {{man put hands on neck}})}}
成人向け	性器の状態	母乳が染み出ている	Mother's milk is seeping out.
キャラクター	Fate	源頼光	minamoto no raikou (FGO)
お気に	お気に	いつもの絵柄	[[ame (uten cacel), yd (orange maru), muchi maro, shirabi, mery (yangmalgage)]], {{year 2023}},extremely detailed CG unity 8k wallpaper,
キャラクター	ウマ娘	メジロラモーヌ	Mejiro Ramonu (umamusume)
絵柄	イラストレーター	森倉円	koharu (morikura en),
絵柄	イラストレーター	たま	tama,
絵柄	イラストレーター	れい亜	reia,
お気に	お気に	エレレ（アーティスト）	erere
お気に入り	未分類	最初	score_9,score_8_up,score_7_up,best quality,masterpiece,4k,uncensored,prefect lighting,rating_explicit,very aesthetic,anime BREAK 
テイスト	デザイナー	クール教	Cool-kyou Shinja
キャラクター	ウマ娘	エイシンフラッシュ	Eishin Flash (umamusume)
成人向け	口淫	フェラ（深め）	fellatio,sucking,deepthroat,
動作	腕の動作	主観時の手のみ	disembodied hands
お気に	お気に	finish	closed eyes,pussy cum,{{orgasm}},trembling motionline for orgasm,
場所	背景のみ	背景のみ	●●●,beautiful scene,{{no humans}},{{no animal}},
シチュエーション	シチュ	リョナ（首絞め）	{{{{{{{{{{{ryona}}}}}}}}}},{{{{{{{{{{guro}}}}}}}}}},{{{{{{{{{{snuff}}}}}}}}},{{{{{strangulation}}}}}, {{{{{{{{{suffocation}}}}}}}}}, {{{{{violence}}}}}, {{{{{dead}}}}},
服装	一式	エナメル服	enameled Clothes
キャラクター	FE	フレン	Flayn,Fire Emblem
表情	性的な表情	下品なエロ	vulgarity
実験	未分類	瞳	gray eyes,eye focus,Character focus
コスチューム	ユニフォーム	アメスク	,tied blouse,open blouse,cleavage,wearing school girl,bare navel,microskirt,white blouse
装飾	その他	コンドーム散乱	multiple_condoms
コスチューム	ファンタジー	修道女三点セット	black head veil, black scapular, black tunic,
お気に	お気に	ハートエフェクト	heart effect
動作	ポーズ	エロ蹲踞	crouching, open legs
お気に		口開けエロ顔	open mouth, drivel, be breathless, blush, very humid, steam,
お気に	お気に	口開けエロ顔	open mouth, drivel, be breathless, blush, very humid, steam,
お気に	お気に	アヘ顔事後	 ahegao, open mouth, drivel, be breathless, blush, very humid, steam, perspired, fog, pink heart effect, semen, bukkake,
動作	ポーズ	だぶるふぁっきゅー	double middle finger
動作	ポーズ	ふぁっきゅー	middle finger
動作	ポーズ	舌を突き出す	stick tongue out
お気に	お気に	長い舌	long tongue
エフェクト	グロテスク	キスマーク	lipstick_mark
キャラクター	Fate	茨城童子	 ibaraki douji
キャラクター	Fate	酒呑童子	shuten douji
キャラクター	Fate	刑部姫	osakabe-hime
キャラクター	Fate	三蔵法師	xuangzang sanzang (fate)
キャラクター	Fate	ジャンヌオルタ	jeanne d'arc alter
キャラクター	Fate	ジャンヌ	jeanne d'arc
キャラクター	Fate	アビゲイル	abigail williams
キャラクター	Fate	ニトクリス	nitocris
キャラクター	Fate	ネロ・クラウディウス	nero claudius
キャラクター	Fate	エリちゃん	elizabeth bathory
キャラクター	Hololive	ちょこ先生	 yuzuki choco,
成人向け	エッチな構図	腹ボコ	stomach_bulge
お気に	お気に	お金咥える	{{{money_in_mouth}}}
お気に	お気に	お金を咥える	money hold on mouth
お気に	お気に	武田弘光GOD	takeda hiromitsu
お気に	お気に	佐藤ショウジ	satou shouji
表情	性的な表情	ボーっとした目	drunken eyes
表情	性的な表情	寄り目	cross-eyed
お気に		前空きコート	open coat
お気に	お気に	ふとぶち	thick outline,
お気に入り		くねらせる	on side,sitting
成人向け	！必須	スケベ顔	fucked silly
お気に	お気に	うちのこ	{{{atahuta}}},tanned skin, red hair,disgusted eyes,round teeth, camouflage bikini, denim crop jacket,denim shorts,fang,leaning forward,
お気に	お気に	銃を突きつけられる	gunpoint
ワイルドカード		レッグウェア	__legwear_style__,
ワイルドカード		レッグウェアメイン	__legwear_main__,
	Google翻訳	スクイー	squee
お気に	お気に	佐藤空気	satou kuuki
動作	ポーズ	お祈り	praying hands
お気に入り		マイクロパンツ	micro panties
お気に入り		ライトスマイル	 light smile
お気に	お気に	オノメシン	onome shin
お気に	お気に	らいでんらぼ	raiden labo
お気に	お気に	ふみひこ	fumihiko
お気に	お気に	おえかきずき	oekakizuki
成人向け	性器	浮き乳首	covered nipples
お気に	お気に	佐伯俊	saeki shun
お気に	お気に	みさくらなんこつ	misakura nankotsu
お気に	お気に	服を破る	torn clothing
お気に	お気に	敗北	Defeated
お気に	お気に	アマニア	amania
お気に入り		透ける	translucent
お気に	お気に	押し付ける	cheek press
お気に	お気に	屈辱的	humiliation
動作	ポーズ	崩した正座, ぺたん座り	butterfly sitting position, wariza
お気に	お気に	谷間にお金	{{{cleavage_folded cash}}},{{{huge wad of cash}}},{{between breasts}}
お気に	お気に	赤眼鏡	,red-framed eyewear
お気に	お気に	迷彩柄のブラ	green _camouflage_bra
成人向け	ポーズ	顔面騎乗	cunnilingus,sitting_on_face
お気に	お気に	目隠しをおでこに	blackblindfold _on_head
お気に	お気に	開いた谷間	breasts_out
表情	性的な表情	イってる目	constricted pupils
お気に	お気に	他人による脱衣	undressing,assisted exposure
お気に	お気に	エロ顔	fucked silly
お気に	お気に	ハメ撮り	photographing or filming of sex,{through a smartphone}
お気に	お気に	目線隠し	cover one's eyes
お気に	お気に	お金のマーク	money gesture
お気に	お気に	ヒョウ柄ブラ	leopard print, bra
お気に	お気に	キンタマ	testicles
お気に	お気に	谷間ネクタイ	necktie_between_breasts 
お気に	お気に	陥没乳首	inverted nipples
お気に	お気に	乳首責め	nipples tweak
お気に		口ちょい開	parted lips
お気に		フリル　タイ	frilled ascot
お気に		巨乳化	breast expansion
お気に		軍の小さい帽	garrison cap
お気に	お気に	男召喚	interspecies
お気に	お気に	のけぞり絶頂	arched back
	Google翻訳	ベット	bet
お気に	お気に	きょくちょ（絵師）	kyokucho
キャラクター	艦隊これくしょん	長波	naganami_(kantai_collection)
キャラクター	Fate	ラヴィニア	Lavinia Whateley_(fgo)
お気に入り		吹き出し	japanese speech bubble
お気に入り		擬音	sound effect
お気に入り		文字擬音	moaning
お気に入り		テキスト	talking,text
キャラクター	FE	リシテア	Lysithea,Fire Emblem,
キャラクター	FE	marianne_von_edmund,Fire Emblem	マリアンヌ
キャラクター	FE	ヒルダ	hilda valentine goneril (fire emblem)
テイスト	デザイナー	御敷	Oshiki Hitoshi
テイスト	デザイナー	nanashi	nanashi(nlo)
テイスト	デザイナー	ピロ水	piromizu
テイスト	テイスト	しんたろー	shintarou
お気に	お気に	むちむち画風	{{{style of orushibu}}},[style of ao banana,style of pochincoff] 
身体	体形	ムチムチボディ	{{gleaming skin}},{big breasts},sagging breasts,{wide hips},huge ass,puffy nipple,large areolae,thick thighs,
キャラクター	オリジナル	リオ	rio rollins(super blackjack),pink hair ,short hair
テイスト	デザイナー	べっかんこう	bekkankou
お気に	お気に	作家おくもとゆうた	okumoto yuta
テイスト	テーマ	ピンクテーマ	pinkt heme,
髪	前髪	分けた前髪に髪留め	parted bangs,hairclip
髪	横髪	長いもみあげ	long sideburns
髪	髪のオプション	胸にかかった髪	hair over breasts
場所	屋内	日本の廊下	japanese house corridor
場所	屋内	高級バスルーム	luxury bathroom
場所	屋内	ガラス張りの隅の風呂	ensuite bathroom
オブジェクト	家具	天蓋ベッド	canopy bed
顔	眉	眉をひそめる	wince,
表情	明るい表情	作り笑顔	false smile
動作	動作	ねじれた胴体	 twisted torso
動作	腕の動作	頭の上で手を拘束	restrained
カメラワーク	構図	前からの構図	from front
成人向け	体位	座位	sitting position
シチュエーション	シチュ		cross-section
顔	目の形	丸い目	round-eyes
オブジェクト	家具	ランプ	lamp
服装	オプション	コルセットスカート	(corset skirt:0.4)
服装	オプション	オフショルダー	off-shoulder
服装	和装	着物を脱がす	oiran
服装	和装	花魁	kimono, off shoulder, 
服装	オプション	前垂れ	pelvic_curtain
カメラワーク	構図		multipul angle
カメラワーク	構図		grid view
カメラワーク	構図		split view
画面効果	ふきだし	黄色ギザギザ	^^^, surprised
カメラワーク	構図	コマ割り	 panel layout
動作	腕の動作	肩を掴む	arms on shoulder
動作	腕の動作	かける・塗る	 applying
動作	ポーズ	靴下を脱ぐ	removing sock
場所	屋内	中世の酒場	medieval tavern
動作	動作	女の子の後ろにいる男子	boy behind girl
			boy next girl
			leaning on object
動作	動作	寄りかかる	leaning in
動作	腕の動作	慰める	comforting
動作	腕の動作	祈り	prayer
動作	腕の動作	胸にタオルを巻く	towel around breasts
動作	腕の動作	片方の胸を隠す	covering one breasts
成人向け	シチュ	陰で	secret adultery
動作	動作	色仕掛け	come hither
			sports hall storage
場所	屋内	体育館倉庫	sports hall storage,warehouse,stockroom,storeroom,vaulting horse
動作	腕の動作	手で口を隠す	Hand over mouth, Mouth covered, hand covered mouth
お気に	お気に	陰毛（剃り跡）	pubic_stubble
服装	特徴		shirt overhang
			tented shirt
			cocktail dress, breast curtains, pelvic curtain
動作	腕の動作	第三者が胸を持ち上げる	pov hands, (breast lift:1.2),
動作	ポーズ	パイズリを誘う	paizuri invitation
動作	ポーズ	誘う	invitation
動作	腕の動作	ギャルピース	gyaru v
動作	ポーズ	パンツたくし上げ	skirt lift,panties
動作	動作	脱いでブラ見せ	open clothes,bra
動作	腕の動作	握りしめた手	clenched hands
動作	脚の動作	脚を広げて(sex)	leg open
表情	性的な表情	懇願する目	pleading eyes
カメラワーク	視点	斜め前	three quarter view
身体	体形	かわいいむちむち	art by shikuta maru, art by momofuki rio, art by tedain, art by ikuchan kaoru, uncensored
テイスト	作品	えいす	eisu (eith)
キャラクター	ウマ娘	シリウスシンボリ	Sirius Symboli (umamusume)
お気に		nega	patterned background, dappled background
顔	目の形	目を細める	squinting eyes
服装	一式	元の衣装を変える	alternate costume
			narrowed eyes
お気に入り		デカクリ	erect clitoris,huge clitoris,long clitoris
お気に入り		のけぞり	arching back,on back,
お気に入り		浮き出る乳首	nipple outline
		ガマン汁	precum
			hand over own mouth
身体	下半身	金玉	testicle
成人向け	テンプレ	パンツ見えてる	tuck up skirt, panties,
服装	特徴	乳見せ(nipples抜き)	breasts out, turn up shirt, open shirt, open clothes,
成人向け	テンプレ	キス対面SEX	sex,fuck, hug,kissing
成人向け	テンプレ	露出徘徊	{{1girl,}}, {{masterpiece}},dramatic angle,{ultra-detailed}, {illustration}, [novel illustration], high resolution,{{an extremely delicate and beautiful}}, Accurate describe shapes, thorough and precise, dynamic pose,  dynamic angle, {{photorealistic}}, nsfw,  nipples out, exhibitionism, turn up coat, open coat,  {{{a flu mask}}}, {{{in night}}}, in alley, vending machine, traffic lights, night city,  {{sweat}}, steam,
			{{{{female ejaculation}}}},  {{{{Squirting}}}},   {{{intense female ejaculation}}}, {{{incontinence}}}, {{{{{orgasm}}}}},nude, Crazy, {{{{sexually aroused face}}}} {{{{{excited}}}}} ,   {{{sweat}}},    {{{{{grabbing from behind}}}}},  touch nipple, Nipple suck,   {standing sex}, {sex from behind}, looking at viewer, breasts,  thighs, {{{{{{{a man behind a girl}}}}}}},
成人向け	テンプレ	顔近正上位POV	 {nsfw}, sex, fuck, {{{{{orgasm}}}}}, missionary, {incoming kiss}, {imminent kiss}, lick, {saliva}, {saliva trail},  face, breasts,  thighs, spread legs, slouching, front, POV, {{looking at viewer}},  {{{reaching out 2arms}}},  {{{{{face focus}}}}}, steam, sweat, {cum}, {aroused}, excited,
お気に	お気に	文化祭ライブパンチラ	sweat, steam, smile, school {{{festival}}}, on stage, bandstand, open air stage, {{idol}}, dancing, singing, holding handheld microphone, in motion, {{blue sky}},  school ground, {{Bunting}}, [audience], nsfw, panties, tuck up skirt, {confetti}, looking afar, yellow hair,
お気に	お気に	顔を見せない構図	{{{{faceless}}}}, {{{{{{{{1faceless female}}}}}}}}
成人向け	テンプレ	脚を広げてマンコを見せる	spread legs, two legs up, thighs,  leg open, wide spread legs open one's stance,  two legs up,  {two thighs up}, tuck up skirt, {{{pussy, beautiful detailed vagina,uncensored}}},pussy juice,
お気に	お気に	風呂ラッキースケベ	nsfw, nude, in shower room, {{full-face blush}}, looking at viewer, {{surprised}}, embarrassed, scared, angry,  steam, sweat,  {{{{covering breasts}}}} by hands, covering crotch, 
成人向け	テンプレ	セクハラ尻揉み	{{{{molestation}}}, from behind, {{{{the man behind the girl}}}, {{{the man grabbing the girl's ass}}}, {{{ass grab}}} by the man, aroused, embarrassed, scared, angry, steam sweat, panties,
成人向け	テンプレ	だいしゅき座位	nsfw, 1girl, nude, lovestruck expression, 1boy, having sex,fuck, leg lock, hug, sitting position, kissing,french kiss,faceless male,
成人向け	アイテム	使ったコンドーム	used condom
表情	性的な表情	誘惑的な表情	seductive expression
場所	屋内	薄暗い照明の部屋	room with dim lighting
場所	屋内	豪華なベルベットなカバー	plush velvet bedspread
成人向け	テンプレ	主観メイド授乳	masterpiece,best quality,amazing quality,absurdres,very aesthetic,newest,1girl,one breast out,lactation,grabbing own breasts,seductive smile,blush,from below,dynamic angle,
成人向け	テンプレ	服の上ちん触る	 caressing his crotch, over the clothes,clothed man,pov,touch penis,
身体	胸	乳首の横線	nipple indents
成人向け	テンプレ	エキ海老反り	 1girl, 1boy, sex, hetero, uneven eyes, clenched teeth, arched back, wide-eyed, female orgasm, missionary, pov, bed, lying, heavy breathing, heart \(symbol\), happy, dashed eyes, sheet grab, looking up, head back, blue eyes, blonde hair, medium breasts,arched back,head back,
成人向け	オプション	お尻の波紋	ass ripple,
キャラクター			{1girl, amane_(dream_c_club) , dream_c_club},{tareme}, red hair, red eyes,
身体	肌	キスマと歯形	hickey,lipstick mark , bite mark,
お気に	お気に	脱いだ服が落ちている	clothes removed
お気に入り		クリつまみ	pinch the clitoris,clitoris tweak
	Google翻訳	うさだぺこら	usada pekora
		不揃いな前髪	choppy bangs
表情	明るい表情	はにかむ	 shy smile
お気に入り		ネコ目	(slit pupils:0.5)
		手を握る	holding hand grip
		手を握ろうとする	imminent hand holding
		拘束された	restrained 
身体	下半身	亀頭	glans penis
キャラクター	三國無双	甄姫	Yelan(genshin impact)
キャラクター	原神	夜蘭	Yelan(genshin impact)
		手首カフス	wrist cuffs,
	Google翻訳	ニーソ	thighhighs
顔	目の形	detailed eyes,	細かい目
顔	目の形	綺麗な目	detailed eyes
顔	目の形	細かい目	detailed eyes
成人向け	シチュ	処女喪失	(defloration, bleeding from vagina:1.3)
成人向け	シチュ	ボロボロ	Tattered
成人向け	シチュ	ボロボロ	sobbing,crying with eyes open,sad,despair,horrified,
		丸顔	round face
成人向け	口淫	バキュームフェラ	vacuum fellatio
キャラクター	ポケモン	サトシママ	Delia Ketchum(pokemon)
成人向け	テンプレ	挿入待機	nsfw,2girls, clothing aside, panties aside, pussy juice, yuri, tribadism, mating press, skirt lift, looking at viewer, half-closed eyes, uncensored,pussy,
成人向け	テンプレ	挿入待機	nsfw,2girls, clothing aside, panties aside, pussy juice, yuri, tribadism, mating press, skirt lift, looking at viewer, half-closed eyes, uncensored,pussy,
		布越し	through clothes, 
動作	脚の動作	脚を広げる	spreading legs
照明	光	トーチ	torch
成人向け	テンプレ	男撮影ハンド	1boy have smartphone and photographing 1girl, 
照明	光	焚火	bonfire
お気に	お気に	パンツで口を塞ぐ	panty gag, 
お気に	お気に	泥酔	dead drunk
動作	腕の動作	肩に手を置く	put your hands on your shoulders
動作	腕の動作	壁ドンされる	kabedon on viewer
動作	脚の動作	かかとを付ける	slav squatting
お気に		腰密着	deep penetration
お気に	お気に	よだれを垂らす	[mouth drool, drooling], :o, [open mouth], hunger,
			disembodied_penis
お気に	お気に	モザイクネガ	censor, bar censor, mosaic censorship,
カメラワーク	構図	股のぞき	looking through legs, 
お気に	お気に	下品さ	{{{vulgarity}}}
動作	腕の動作	脚の間の手	hand between legs, 
お気に	お気に	嫉妬	jealous
お気に	お気に	女の子が上に乗る	girl on top
成人向け	アイテム	使用済みティッシュ	used tissue
成人向け	アイテム	紐で吊るされたコイン	coin on string
動作	腕の動作	髪を自分の指で巻く	hair twirling
表情	視線	意図的に視線を逸らす	averting eyes
動作	腕の動作	画面に向かってハグ	incoming hug
動作	腕の動作	浮いている手	disembodied limb
動作	腕の動作	祈り	praying
お気に		ちんこ掴み	penis grab
服装	オプション	制服のボタンを外す	, partially unbutoned shirt,
服装	オプション	肩紐が落ちる	strap slip
キャラクター	艦隊これくしょん	ビスマルク	Bismarck (kancolle)
成人向け	口淫	バキューム	(:>=,vacuum fellatio),hetero,solo focus,1boy,pov crotch,deepthroat,deep penetration,saliva,(:>=,vacuum fellatio),top-down bottom-up,
成人向け	口淫	バキューム	(|||EXPRESSION3|||=, vacuum fellatio),hetero,solo focus,1boy,pov crotch,deepthroat,deep penetration,saliva,top-down bottom-up,
キャラクター	原神	ジン	Jean(genshin impact)
成人向け	SM	窒息	asphyxiation
画面効果	画面効果	シャープなライン	sharp line
服装	オプション	シャツを入れる	shirt tucked in,
		高級な椅子の模様	diamond quilting
照明	光	被写体の一部が照らされる	Only part of the subject is illuminated.
成人向け	SM	縛り系	hanged,hanging,noose,execution, asphyxiation
カメラワーク	構図	テーブル越し	pov across table
成人向け	SM	絞首刑系	floating,execution,hanged,noose,rope_around_neck, imminent_death ,asphyxiation}}}}}},{{{rolling eyes,constricted pupils,tongue out
テイスト	画風	5t	5t_0000
年齢	女性	熟女系	{{{{{milf}}}}}},{{{{mature female}}}}},{{{{{curvy}}}},{{{{ample figure}}}}},{{{{make up}}}}, 
服装	一式	サムライアーマー	samurai armor,tabi
動作	腕の動作	口の下でピース	v over mouth
動作	腕の動作	シーッ静かに	shushing
その他		紐伸び	strap gap
お気に		胸に小人	person between breasts
テイスト	デザイナー	abmayo	abmayo
動作	腕の動作	指と指を合わせる	index fingers together
		そわそわする	fidgeting
顔	目の形	細目	slender eyes
顔	目の形	細目	slender eyes
お気に	お気に	わいせつな	obscene
お気に	お気に	わいせつな	obscene
お気に	お気に	積乱雲	cumulonimbus cloud
品質	高品質	4kアニメ	,4k-anime
キャラクター	アマガミ	塚原響	tsukahara hibiki(amagami)
テイスト	画風	aiテイスト	ai-generated
動作	脚の動作	膝枕	lap pillow
テイスト	テイスト	アニメ調	hi-vision anime
キャラクター	朔菜	朔菜	mochizuki anna,red eyes,long sleeve,black eyebrows,12 years old,hair between eyes,long hair,ahoge,red hair,red skirt,preated skirt,low twintails,white sailor blouse,red ribbon,long red hair in pigtails,white cuffs with red stripes,
キャラクター	朔菜	玲	long hair,curly hair,swept bangs,light purple eyes,light purple hair,makabe mizuki, idolmaster million live!,small breasts, 
キャラクター	朔菜	佳乃	ibuki tsubasa,idolmaster million live!,low ponytail,orange eyes,light brown hair,small breasts,ahoge,
			arm around shoulder
動作	腕の動作		arm around waist
動作	腕の動作		arm around neck
動作	腕の動作		arm around neck
成人向け	アイテム	未使用コンドーム	condom wrapper
服装	オプション	浮き乳首	coverd nipples
動作	腕の動作	手を横に	arms at sides
動作	腕の動作		finger on mouth
動作	腕の動作		reaching towards viewer
動作	腕の動作		reaching towards viewer
動作	腕の動作	手を股間の前に置く	hands on own crotch
表情	性的な表情	愛情のこもった目線	loving gaze
お気に	お気に	女性優位	 femdom
表情	性的な表情	横線が入った目	dashed eye
お気に	お気に		beautiful eyes
表情	性的な表情	モブ顔	 shaded face,no eyes,
服装	オプション	服のしわ強め	(taut shirt:1.2), shirt tucked in
動作	動作	股下から覗く	looking through own legs
動作	腕の動作	乳首をつまむ?	nipple biting
動作	腕の動作	乳首をつまむ?	nipple biting
動作	腕の動作		holding another's wrist
動作	腕の動作	自分の手首を握る	holding own wrist
お気に	お気に	性的前戯	sexual foreplay,
動作	腕の動作	片手で自分の目を覆う	covering own eyes by one hand
お気に	お気に		(cosplay)
動作	腕の動作	パンツをプレゼント	presenting removed panties
お気に		顔逸らし	averting eyes
動作	腕の動作	手皿	Scoop with hands,
動作	腕の動作	手皿	Scoop with hands,
お気に	お気に	V4	sincos,muchi maro,shirabi,mery (yangmalgage),{{year 2024}},extremely detailed CG unity 8k wallpaper, smooth shading, highly finished,simple background, Anime style, Digital illustration,
服装	オプション	乳袋	impossible clothes
動作	ポーズ	後ろに反る	arched back
動作	ポーズ	両手を股間へ	hands on own crotch 
成人向け	口淫	抜け陰毛	stray pubic hair
お気に	お気に	v4	no nipples,no pussy,bare shoulders,groin,
お気に	お気に	塩コショウ	flat color,muted color,pale color
お気に	お気に	ちんぺち	Dick Slap Face,
動作	動作	顎を上げる	chin up
お気に	お気に	建物の陰	building shade
お気に	お気に	よだれ	Drool
場所	屋外	街の通り	urban street
動作	腕の動作	内緒話風	 hand on mouth,open hand,
成人向け	射精	膣から精液噴出	projectile cumdrip,cum overflow,cum splatter
成人向け	射精	膣から精液噴出	projectile cumdrip,cum overflow,cum splatter
成人向け	テンプレ	膣から精液噴出テンプレ	hips look, semen shot over shot from vagina, semen fall from vagina, semen beam from vagina, {{{look from behind,}}} {{{hips focus, hips close-up,}}} semen fall out effect, motion lines,
顔	眉	眉を上げる	raised eyebrows
成人向け	ポーズ	手コキのジェスチャー	handjob gesture
キャラクター	朔菜	朔菜	mochizuki anna,red eyes,long sleeve,black eyebrows,12 years old,hair between eyes,low twintails,long hair,ahoge,{{red hair}}, long red hair in pigtails,sailor collar,school uniform,serafuku,{{white shirt}},red skirt,preated skirt,red ribbon, white cuffs with red stripes,
絵柄	作風	朔菜	idolmaster million live!,year 2024, extremely detailed CG unity 8k wallpaper, simple background, 
お気に	お気に	デカ乳首	{{{{{{large nipples,thick nipples,large areolae}}}}}
お気に	お気に	スマホ撮影画面	{{{cellphone photo}}},{{bar censor}},
お気に	お気に	スマホ撮影画面	{{{cellphone photo}}},{{bar censor}},
顔	口	長方形の口	rectangular mouth
カメラワーク	視点	横を向く	facing to the side
お気に	お気に	布団を被る	{{{lifting covers, under covers}}}
髪	髪のオプション	髪の触角	 hair intakes
顔	眉	怒り眉	v-shaped eyebrows
顔	眉	怒り眉	v-shaped eyebrows
服装	オプション	蝶ネクタイ2	detached_collar,
表情	性的な表情	からかう笑顔	teasing smile,
動作	腕の動作	okサイン	ok sign
お気に	お気に	覗く	peeking out
服装	オプション	部分的にボタンを外した	partially unbuttoned
成人向け	オプション	水分	clear liquid 
動作	腕の動作	腕組み2	x arms
身体	手	手を開く	spread fingers
お気に		パンストパンツ	panties under pantyhose
服装	オプション		cleavage no nipples
服装	オプション		cleavage no nipples
服装	オプション		framed breasts
お気に	お気に	窓の外を指定	windows with city views
動作	動作	壁にもたれる	against wall
動作	腕の動作	手を握る	 holding hands, interlocked fingers,
カメラワーク	構図	画面外の目	eyes out of frame
動作	動作	またがる	straddle
動作	ポーズ	頭を下に	faceplant,
	Google翻訳	girl's body wrapped around plant tentacles	girl's body wrapped around plant tentacles
動作	腕の動作	顔を隠す	peeking through fingers,covering own eyes,
お気に	お気に	ビクン	{{orgasm}},trembling motionline for orgasm,motion blur,
成人向け	挿入	深く挿入	deep penetration
成人向け	挿入	深く挿入	deep penetration
身体	下半身	恥骨	mons pubis
お気に	お気に	空吹き出し	blank speech bubble,
お気に	お気に	AVっぽくなる	dvd cover, fake cover,
お気に	お気に	同人誌風	doujin cover
お気に	お気に	sincos	kise itsuki,mushoku tensei,[[[[[sincos,sekiya asami,]]]]]
お気に	お気に	sincos	kise itsuki,mushoku tensei,[[[[[sincos,sekiya asami,]]]]]
動作	腕の動作	腕を回す	reach-around
成人向け	手淫	睾丸を愛撫する	caressing testicles
表情	性的な表情	目を細める	squinting
表情	性的な表情	目を細める	squinting
装飾	下半身	太ももストラップ	thigh strap
装飾	下半身	太ももストラップ	thigh strap
テイスト	デザイナー	ザンクロー	zankuro
身体	下半身	ぷにまん	pussy line
表情	性的な表情	小さい口	dot mouth
成人向け	ポーズ	まんこに手	hand on own crotch 
カメラワーク	フォーカス	(i)ドアップ	close-up,crotch focus
表情	性的な表情	瞳小さく	constricted pupils
表情	性的な表情	目を細める	squinting
表情	性的な表情	v眉	v-shaped eyebrows
表情	性的な表情	キス口	parted lips
身体	下半身	勃起クリ	erect clitoris
オプション	液体	よだれ	saliva
オプション	液体	よだれ垂れ	drooling
成人向け	絶頂	ジュース溜まり	pussy juice puddle
翻訳中	翻訳中	翻訳中	pussy girl
テイスト	画風	ハハギギ	artist:hahagigi
エフェクト	エフェクト	動きを付ける	motion line
表情	性的な表情	疲れ果てる	exhausted
動作	ポーズ	おまんこに手	hands on own crotch
身体	胸	母乳噴射	projectile lactation
服装	下着	片足パンツ	panties around one leg
テイスト	画風	聖シロー	artist:saintshiro
お気に	お気に	金挟み、ランダム	tucked_money
身体	胸	巨乳輪	large areolae
身体	胸	離れおっぱい	breasts apart
成人向け	射精	黄ばんだザーメン	yellowish cum
身体	身体	艶肌	shiny skin,gleaming skin
キャラクター	ウルトラマン	ウルトラウーマン	ultrawoman,milf,slender eyes,tsurime,metal skin,silver skin,very metallic skin,oily skin,gleaming skin,shiny hair,metal gloves,metal boots,curvy,ample figure,big muscles,rounded body,big body, huge breasts,ample figure,silver hair
			blurry foreground,
その他	その他		(masterpiece, best quality, ultra-detailed:1.2),
その他	その他	頭　かわいい	(masterpiece, beautiful, realistic:1.3),
翻訳中	翻訳中	翻訳中	(masterpiece
	Google翻訳	realistic:1.3)	realistic:1.3)
キャラクター	東方	⑨	cirno
表情	性的な表情	舌ペロ	licking lips
顔	口		parted lips
顔	口		pursed lips
身体	胸	不揃いの胸	unaligned breasts
翻訳中	翻訳中	翻訳中	ultra-detailed:1.2
表情	性的な表情	v眉＋眉間皺	v-shaped eyebrows,annoyed,
動作	ポーズ	寄せ乳	breasts squeezed together
動作	ポーズ	寄せ乳	breasts squeezed together
身体	胸	陥没乳首	 inverted nipples
動作	目線	目をそらす	averting eyes
動作	目線	目をそらす	averting eyes
成人向け	絶頂	仰け反り絶頂	female ejaculation,trembling motionline for orgasm,arched back, head_back,
お気に	お気に	黒ずみアナル	dark anus
お気に	お気に	日本語の擬音	floating sound effect,japanese text,bold pink text
お気に	お気に	大量のハート	countless floating heart marks
お気に	お気に	大量のハート	countless floating heart marks
お気に	お気に	日本語の擬音	floating sound effect,japanese text,bold pink text
成人向け	性器の状態	腹ボコちんちん	large insertion
成人向け	性器の状態	腹ボコまん	stomach bulge
成人向け	挿入	深い挿入	deep penetration
		深い挿入	deep penetration
お気に	お気に	強めの集中線	bold radiating focus lines dominating the entire screen
		深く挿入(他のインサートとか入れちゃダメ)	Deep Penetration
表情	性的な表情	半目	half-closed eyes
キャラ	キャラ	あ	a
キャラ	咲-saki-	新子憧	{1girl,atarashi ako, saki}, [[ame (uten cancel), yd (orange maru), muchi maro, shirabi, mery (yangmalgage)]], {{year 2023}}, highly detailed,
キャラ	原神	ニィロウ素体	{1girl, nilou (genshin impact)}, [[ame (uten cancel), yd (orange maru), muchi maro, shirabi, mery (yangmalgage)]], {{year 2023}}, highly detailed, green eyes, vermilion long hair, low twintails, navel,parted bangs,red hair,
キャラ	原神	バーバラ素体	{1girl, barbara_(genshin_impact)}, [[ame (uten cancel), yd (orange maru), muchi maro, shirabi, mery (yangmalgage)]], {{year 2023}}, highly detailed,blonde short hair,twintails,wavy hair, ribbon, blue eyes,
キャラ	アイカツ!	大空あかり	{1girl, oozora akari, aikatsu!}, [[idolmaster shiny colors]]}, [[ame (uten cancel), yd (orange maru), muchi maro, shirabi, mery (yangmalgage)]], {{year 2023}}, highly detailed, blue school uniform, white skirt,
キャラ	コードギアス	紅月カレン	{1girl, kallen stadtfeld, code_geass}, [[ame (uten cancel), yd (orange maru), muchi maro, shirabi, mery (yangmalgage)]], {{year 2023}}, highly detailed,{{red suit}},
キャラ	コードギアス	C.C.	{1girl, c.c., code_geass}, [[ame (uten cancel), yd (orange maru), muchi maro, shirabi, mery (yangmalgage)]], {{year 2023}}, highly detailed,
キャラ	シャニマス	大崎甘奈	{1girls, [[osaki]] {{amana}}, [[idolmaster shiny colors]] }, [[ame (uten cancel), yd (orange maru), muchi maro, shirabi, mery (yangmalgage)]], {{year 2023}}, highly detailed,red brown hair,
動作	指さし	静かにする（ジェスチャー）	holding her index finger to her lips, gesturing for silence,
動作	指さし	静かにする（ジェスチャー）	holding her index finger to her lips, gesturing for silence,
動作	腕の動作	与える	giving
成人向け	性器の状態	我慢汁	precum
お気に	お気に	断面図	1.5::cross section:: on female body
カメラワーク	構図	真上から見下ろす構図	top-down view
成人向け	性器の状態	大量の汁	excessive pussy juice
テイスト	画風	レトロゲー	pc-98 (style) 
お気に	お気に	勃起テント	erection_under_clothes
お気に	お気に	部分的に	partially
動作	腕の動作	顎に手,ぶりっこ	hands on own chin
キャラクター	ウマ娘	モンジュー	montjeu_(umamusume)
お気に	お気に	着衣中の女性	clothed female
お気に	お気に	着衣中の女性	clothed female
動作	脚の動作	ガニ股2	thighs apart
成人向け	体位	Ｈバック	sex from behind
身体	身体	へそボコ	outie navel
動作	動作	首を傾ける	head tilt,
表情	顔文字	^_^	^_^
キャラクター	三國無双	シン甄姫	{{zhen_ji_(shin_sangoku_musou) }},mole_under_eye,eyeshadow,make up, high_ponytail,mature female,black hair, 
テイスト	デザイナー	シドニー	sidneyholic
テイスト	デザイナー	adoohay	adoohay
成人向け	プレイ	絞殺	strangling,
お気に	お気に	まっすぐ	straight-on
お気に	お気に	キスマーク,唇の後	lipstick mark on
服装	一式	偽メイド服	enmaided
動作	腕の動作	ジッパーを動かしている状態	unzipping
動作	脚の動作	片足を組む	figure four sitting,
お気に	お気に	西洋バスタブ	claw foot bathtub
テイスト	デザイナー	オリバー	oliver11020
テイスト	デザイナー	オリバー	oliver11020
テイスト	デザイナー	居酒屋よっちゃん	enoshima_iki
お気に	お気に	喜び,期待	excited
テイスト	デザイナー	オッド	kisuu
テイスト	デザイナー	金一対	jin_yi_dui
カメラワーク	視点	前を向く	straight-on
動作	腕の動作	囁く	whisper
お気に	お気に	潮吹き	squirting,female ejaculation,gushing,
テイスト	デザイナー	もつあき	motsuaki
テイスト	テイスト	{intruder	{intruder_(1391685345)
お気に	お気に	絶頂テンプレ	1.3::female ejaculation,trembling motionline for orgasm,arched back, 
お気に	お気に	先走り汁	pre-cum
お気に	お気に	先走り汁	pre-cum
テイスト	デザイナー	アレグロ	black beat
お気に	お気に	靴底	shoe_soles
お気に	お気に	横向きに寝ている	lying on side
お気に	お気に	横向きに寝ている	lying on side
身体	上半身	鎖骨	collarbone
服装	特徴	ボタンの隙間	ボタンの隙間
服装	未分類		CFNF
服装	未分類		CFNF
服装	未分類		CMNF
服装	未分類		CMNM
お気に	お気に	リアル唇	 Faint lips,UC:realistic,
お気に	お気に	離れ乳	breasts apart
お気に	お気に	仁王立ち	,hands on own hips
動作	腕の動作	相手の髪を掴む	grabbing another's hair
テイスト	デザイナー	アメコミ調	kittew
動作	腕の動作	自分の腕を組む	cross arms under breasts
動作	脚の動作	脚組み	cross legs
動作	脚の動作	脚組み	cross legs
顔	目の形	目を細める	narrow eyes
テイスト	デザイナー	amane	 amane hasuhito
テイスト	デザイナー	fumihiko	fumihiko (fu mihi ko)
テイスト	デザイナー	amane	 amane hasuhito
成人向け	口淫	暗示的なフェラ	implied fellatio
成人向け	口淫	暗示的なフェラ	implied fellatio
動作	腕の動作	手でハート	heart in heart hands
表情	視線	目を逸らす(気まずさ)	averting eyes
動作	腕の動作	髪をかきかげる	hair tucking
動作	腕の動作	髪を掴む	own grabbing  hair
お気に	お気に	鮮やか	vibrant
服装	特徴	小さめの服,小さい服	undersized_clothes
身体	尻	引き締まったアナル	puckered anus
身体	尻	ケツ毛	anal hair
成人向け	性器	黒いマンコ	dark labia
身体	尻	黒いアナル	dark anus
お気に	お気に	ガラス越し	against glass
お気に	お気に	頭に乗せる	on head
お気に	お気に	ベッドで主観視点	pov across bed
オブジェクト	公共物	電柱	electric pole
表情	困惑した表情	苦痛	pain
表情	困惑した表情	苦痛	pain
動作	脚の動作	まんぐり返し	pile-driver
動作	腕の動作	手を合わせる	palms_together
動作	腕の動作	手を合わせる	palms_together
お気に	お気に		covered penetration
お気に	お気に		implied sex
動作	腕の動作	手の平を合わせる	palms together
動作	動作	上体起こし	sit up
成人向け	体位	立位	standing missionary
成人向け	体位		mating press
テイスト	デザイナー	Cho theg	artist
テイスト	デザイナー	bulga	artist
お気に	お気に	刺激	stimulation
カメラワーク	視点	真上から	high angle
お気に	お気に	興奮している	aroused
動作	腕の動作	両腕を広げて	spread out arms aside
お気に	お気に	髪を下す	hair down
お気に	お気に	髪を下す	hair down
お気に	お気に	匂いを嗅ぐ	smelling
お気に	お気に	ぱふぱふ	breast smother
お気に	お気に	ぱふぱふ	breast smother
お気に	お気に	左右の枠	pillarboxed
動作	脚の動作	つま先立ち	tiptoes
動作	脚の動作	つま先立ち	tiptoes
身体	胸	離れ乳	breasts apart
身体	胸	離れ乳	breasts apart
お気に	お気に	疲労	tired
お気に	お気に	疲労(直後)	exhausted
動作	腕の動作	目をこする	rubbing eyes
模様	柄	縦線柄	vertical line
模様	柄	線柄･ストライプ	Stripe
模様	柄	横線柄	horizontal line
お気に	お気に	変形した胸	 deformed breasts, unaligned breasts,
顔	口	口を大きく開ける	wide open mouth
お気に	お気に	肩幅を広くする	broad shoulders
服装	靴	脱いだ靴	unworn_boots
動作	腕の動作	両腕でWのようなポーズ	w arms
動作	腕の動作	両腕でWのようなポーズ	w arms
表情	性的な表情	発情	aroused
身体	下半身	服下勃起	erection under clothes
表情	性的な表情	ちんちん目線	looking at penis
お気に	お気に	挿入寸前	imminent penetration,
お気に	お気に	薄暗い照明	dim lighting
お気に	お気に	薄暗い照明	dim lighting
表情	性的な表情	目の下のクマ	bags under eyes
成人向け	性器	すじまん	cleft of venus
成人向け	性器	ぷにまん	fat mons
顔	口	てへぺろ	licking lips
表情	性的な表情	不均一な目	uneven_eyes
お気に	お気に	見開いた眼	{unusually open eyes}
お気に	お気に	見開いた眼	{unusually open eyes}
状態	状態	食い込み	wedgie,
お気に	お気に	肌に深くめり込む	deep skin
お気に	お気に	滴	drip
お気に	お気に	胸の影	breasts shade
お気に	お気に	胸の影	breasts shade
お気に	お気に	最低限の背景	minimal background
お気に		ガワだけブラ	cupless bra
お気に	お気に	マンコにフォーカスする視点	a perspective of a female pussy,
お気に	お気に	断面図（体表）	1.3::detailed cross section on female body,x-ray_view of a large penis inserted into a vagina::,
テイスト	画風	asdkd123	asdkd123
お気に	お気に	自在アングル（ランダム）	||front view|side view|profile|back view|rear view|three-quarter view|top-down view|bottom-up view|high angle|low angle|bird's eye view|worm's eye view|close-up|extreme close-up|wide shot|full body|upper body|portrait|face shot|bust shot|cowboy shot|from behind|over-the-shoulder|pov|first-person view||,
お気に	お気に	エッチシチュ（ランダム）	random position ||fingering|fellatio with saliva|cum between breasts|guide to vaginal with hand for imminent penis penetration just the tip,pussy juice |gropping|french kiss|sex,1.5::defloration::||,
お気に	お気に	エッチの表情と状況（ランダム）	||frown,half-closed eyes,unwanted creampie,crying,apron pull,shirt open|face away ||,
お気に	お気に	敵対的	confrontation
お気に	お気に	捲り上げる	 roll uped
お気に	お気に	別視点挿入	a inset in the lower-right corner showing 
お気に	お気に	挿入ガイド	1.2::guide to vaginal with hand for imminent penis penetration just the tip,
お気に	お気に	糸引くよだれ	saliva_trail
キャラクター	ウマ娘	エアグル勝負服	umamusume,air groove (umamusume),two-tone shirt, shoulder cutout, yellow sailor collar, bow, cape, blue skirt, cleavage, 
カメラワーク	複数画面	画面2分割	split screen
お気に	お気に	画面分割（斜め）	screen split diagonally from top-left to bottom-right,the top-left showing a ass focus,the bottom-right showing face from side
キャラクター	ウマ娘	ネイチャ勝負服	:nice nature (umamusume), ear covers, green bowtie, diagonal-striped bowtie, striped puffy sleeves, puffy long sleeves, juliet sleeves, grey shirt, double-breasted, buttons, black dress, frilled dress, pinafore dress, thigh strap, o-ring, red socks, brown footwear, knee boots, cross-laced footwear, lace-up boots, kneehighs 
動作	腕の動作	分離した手	disembodied hands
お気に	お気に	腰を押し付けた構図	deep_penetration
成人向け	体位	しゃがみ騎乗位	squatting cowgirl position
身体	足	太ももが太い	thick thighs
お気に		乳カーテン	shirt overhang
表情	性的な表情	半目	half-closed_eyes 
顔	目の形	ハートの瞳	heart-shaped pupils
お気に	お気に	スケベ椅子	shower stool with a u-shaped hole in the middle
表情	困惑した表情	心配	worried
お気に	お気に	壁の汚れ	stains on wall
動作	動作	横に傾く	leaning side to side
お気に	お気に	乳カーテン	crop_top_overhang
カメラワーク	構図	斜めに傾いたアングル	slanted angle
表情	明るい表情	楽しげな雰囲気を表すエモーション	   ,
お気に	お気に	シャフ度	shaft look
お気に	お気に	絵画潰し	photo (object), picture frame, Interior art, art (object),
髪	前髪	前髪で目が見えない	hair over eyes
エフェクト	エフェクト	ytiu	yyu
未分類	Google翻訳	串焼き	spit roast
未分類	Google翻訳	窒息	choking
未分類	Google翻訳	涙ぐんだ	tearful
未分類	Google翻訳	マッチョ	macho
未分類	Google翻訳	顔のない男性	faceless male
未分類	Google翻訳	オーラル	oral
未分類	Google翻訳	彼女は彼のペニスを飲み込んでいる	she is swallowing his penis
未分類	Google翻訳	脚	legs
未分類	Google翻訳	睾丸	testicles
未分類	Google翻訳	彼女は後背位セックスをしている	she is doing doggystyle sex
未分類	Google翻訳	彼は彼女のお尻をつかんでいる	he is grabbing her butt
未分類	Google翻訳	性的絶頂を伴う震え効果のモーションライン	trembling effect motion lines with sexual climax
未分類	Google翻訳	外から	from outside
未分類	Google翻訳	女の子フォーカス	girl focus
テスト	テスト	あいうえお	aiueo
エフェクト	自然	っっｆ	tegd
未分類	Google翻訳	2コマ	2koma
未分類	Google翻訳	敗北	defeat
未分類	Google翻訳	即時損失	instant loss
テイスト	デザイナー	寺田てら	terada tera
シチュエーション	シチュ	串焼き	spit roast
成人向け	性器	精液マンコ	cum pussy
お気に	お気に	画面分割（縦）	screen split vertically down the center, the left side showing a top-down view **,the right side showing a **,
成人向け	口淫	抱きしめてフェラ	hug and suck
未分類	Google翻訳	胸のリボン	chest riboon
未分類	Google翻訳	カクテルハット	cocktail hat
未分類	Google翻訳	フリルチョーカー	frill choker
未分類	Google翻訳	チューブトップ	tube top
動作	腕の動作	腕を伸ばす2	arms outstretched
お気に	お気に	畳まれた	folded
表情	視線	横目に見る	side glance, sideways glance, glancing sideways, 
身体	足	足首	ankles
お気に	お気に	しなしな事後ちんちん	flaccid
お気に	お気に	乳首にペニスを押し付ける	penis on nipple
お気に	お気に	萎えチン	flaccid